AppId,GenreId
0,0
1,1
2,2
3,3
4,4
5,5
6,6
7,5
8,7
9,8
10,9
11,10
12,6
13,11
14,12
15,5
16,0
17,13
18,3
19,0
20,0
21,6
22,14
23,15
24,16
25,1
26,16
27,17
28,18
29,11
30,19
31,9
32,16
33,20
34,21
35,6
36,11
37,6
38,7
39,22
40,1
41,23
42,22
43,24
44,3
45,0
46,3
47,4
48,4
49,25
50,3
51,0
52,3
53,2
54,26
55,0
56,11
57,27
58,27
59,8
60,10
61,5
62,28
63,28
64,3
65,29
66,21
67,2
68,27
69,4
70,16
71,3
72,30
73,6
74,31
75,18
76,2
77,23
78,27
79,32
80,11
81,8
82,10
83,10
84,32
85,2
86,1
87,8
88,11
89,6
90,5
91,2
92,1
93,9
94,26
95,33
96,1
97,20
98,2
99,16
100,21
101,26
102,8
103,26
104,1
105,1
106,26
107,1
108,8
109,27
110,6
111,33
112,3
113,26
114,33
115,25
116,19
117,31
118,0
119,0
120,19
121,26
122,25
123,3
124,6
125,8
126,8
127,2
128,33
129,8
130,17
131,19
132,1
133,8
134,34
135,19
136,26
137,33
138,11
139,3
140,6
141,28
142,21
143,3
144,27
145,32
146,9
147,0
148,16
149,35
150,26
151,8
152,8
153,23
154,14
155,1
156,33
157,6
158,1
159,21
160,4
161,24
162,33
163,10
164,4
165,31
166,1
167,4
168,23
169,23
170,23
171,28
172,3
173,21
174,0
175,28
176,26
177,26
178,31
179,8
180,2
181,1
182,19
183,26
184,2
185,31
186,32
187,34
188,9
189,10
190,26
191,20
192,3
193,1
194,6
195,10
196,1
197,2
198,8
199,26
200,11
201,20
202,31
203,15
204,36
205,3
206,17
207,34
208,16
209,32
210,1
211,1
212,29
213,4
214,1
215,8
216,31
217,11
218,1
219,1
220,6
221,3
222,33
223,27
224,34
225,26
226,11
227,19
228,11
229,25
230,17
231,32
232,33
233,27
234,2
235,7
236,7
237,37
238,11
239,11
240,6
241,16
242,33
243,26
244,16
245,16
246,3
247,4
248,3
249,0
250,16
251,19
252,1
253,15
254,32
255,6
256,18
257,32
258,1
259,16
260,20
261,11
262,37
263,1
264,6
265,16
266,1
267,1
268,1
269,1
270,0
271,0
272,23
273,33
274,36
275,37
276,5
277,24
277,6
278,6
279,33
280,1
281,8
282,7
283,11
284,11
285,15
286,8
287,37
288,31
289,31
290,8
291,7
292,6
293,34
294,11
295,16
296,16
297,16
298,16
299,6
300,16
301,26
302,7
303,3
304,6
305,2
306,3
307,19
308,32
309,19
310,11
311,1
312,4
313,28
314,36
315,19
316,3
317,26
318,15
319,19
320,6
321,3
322,17
323,17
324,37
325,15
326,1
327,15
328,19
329,4
330,10
331,1
332,23
333,33
334,23
335,1
336,26
337,29
338,15
339,33
340,33
341,8
342,23
343,1
344,0
345,23
346,23
347,23
348,1
349,8
350,28
351,38
352,10
353,6
354,31
355,3
356,23
357,6
357,39
358,17
359,36
360,12
361,18
362,21
363,18
364,18
365,18
366,18
367,15
368,21
369,18
370,18
371,20
372,32
373,26
374,18
375,19
376,3
377,10
378,0
379,1
380,28
381,19
382,32
383,23
384,3
385,23
386,1
387,1
388,8
389,26
390,2
391,2
392,3
393,6
393,24
394,1
395,11
396,9
397,8
398,27
399,20
400,17
401,32
402,30
403,18
404,1
405,23
406,1
407,1
408,11
409,32
410,15
411,15
412,23
413,8
414,15
415,15
416,15
417,21
418,34
419,34
420,3
421,6
422,20
423,4
424,40
425,8
426,26
427,37
428,7
429,0
430,4
431,0
431,48
432,0
433,4
434,2
435,4
436,27
437,34
438,34
439,26
440,27
441,28
442,10
443,36
444,36
445,0
446,10
447,29
448,27
449,6
450,0
451,27
452,12
453,0
454,9
455,22
456,9
457,9
458,23
459,33
460,23
461,9
462,22
463,22
464,28
465,8
466,19
467,28
468,0
469,36
470,2
471,21
472,32
473,49
473,41
474,0
475,23
476,8
477,32
478,25
479,0
480,32
481,4
482,23
483,1
484,27
485,27
486,34
487,15
488,0
489,29
490,1
491,0
492,13
493,1
494,1
495,12
496,36
497,14
498,14
499,14
500,14
501,1
502,1
503,30
504,8
505,23
506,7
506,50
507,33
508,6
509,35
510,28
511,49
511,30
512,6
513,3
514,18
515,15
516,22
517,27
518,42
519,43
519,51
520,16
521,6
522,28
523,36
524,36
525,32
526,44
527,44
528,44
529,37
530,44
531,30
532,52
532,30
533,44
534,44
535,44
536,44
537,20
538,30
539,18
540,26
541,34
542,45
543,36
544,36
545,23
546,0
547,21
548,1
549,18
550,26
551,2
552,11
553,27
554,19
555,16
556,26
557,25
558,44
559,22
560,22
561,12
562,7
563,12
564,37
565,31
566,1
567,37
568,6
569,1
570,34
571,26
572,33
573,8
574,1
575,1
576,0
577,4
578,1
579,28
580,8
581,1
582,1
583,1
584,33
585,1
586,8
587,0
588,8
589,49
589,43
590,0
591,40
592,2
593,0
594,8
595,36
596,3
597,39
598,36
599,3
600,3
601,26
602,2
603,27
604,3
605,52
605,30
606,52
606,30
607,27
608,27
609,27
610,1
611,27
612,31
613,41
614,1
615,2
616,8
617,8
618,8
619,20
620,45
621,40
622,49
622,21
623,3
624,0
625,1
626,2
627,40
628,22
629,19
630,32
631,20
632,11
633,19
634,19
635,26
636,36
637,36
638,36
639,3
640,3
641,3
642,3
643,19
644,32
645,1
646,5
647,22
648,8
649,2
650,2
651,8
652,8
653,22
654,22
655,22
656,22
657,22
658,22
659,22
660,22
661,22
662,22
663,22
664,22
665,22
666,22
667,22
668,22
669,22
670,12
671,12
672,23
673,12
674,8
675,8
676,36
677,6
677,39
678,2
679,30
680,9
681,11
682,23
683,7
684,34
685,23
686,41
687,12
688,23
689,23
690,36
691,28
692,23
693,23
694,1
695,26
696,15
697,15
698,18
699,2
700,31
701,11
702,19
703,11
704,23
705,23
706,23
707,23
708,23
709,23
710,23
711,23
712,23
713,23
714,23
715,23
716,23
717,23
718,23
719,23
720,23
721,23
722,23
723,23
724,23
725,34
726,23
727,19
728,10
729,36
730,36
731,36
732,1
733,23
734,0
735,22
736,16
737,0
738,16
739,1
740,33
741,0
742,16
743,42
744,1
745,1
746,11
747,28
748,33
749,16
750,8
751,16
752,41
753,26
754,26
755,2
756,22
757,4
758,4
759,22
760,4
761,0
762,1
763,0
764,8
765,43
766,4
767,1
768,8
769,32
770,1
771,1
772,0
773,39
774,3
775,48
775,0
776,15
777,25
778,4
779,10
780,26
781,36
782,6
783,26
784,32
785,32
786,26
787,34
788,0
789,8
790,24
791,24
792,29
793,1
794,43
795,1
796,1
797,0
798,24
799,0
800,0
801,3
802,1
803,23
804,0
805,3
806,30
807,18
808,21
809,32
810,0
811,4
812,0
813,36
814,32
815,16
816,9
817,16
818,4
819,4
820,4
821,31
822,4
823,4
824,4
825,4
826,34
827,4
828,34
829,50
829,4
830,1
831,4
832,1
833,1
834,4
835,4
836,1
837,8
838,2
839,4
840,1
841,27
842,1
843,8
844,36
845,26
846,33
847,32
848,1
849,2
850,26
851,1
852,39
852,6
853,12
854,21
855,32
856,26
857,3
858,3
859,32
860,0
861,3
862,27
863,27
864,27
865,4
866,19
867,34
868,0
869,41
870,4
871,1
872,1
873,1
874,2
875,4
876,32
877,4
878,2
879,1
880,1
881,26
882,43
883,0
884,3
885,32
886,32
887,25
888,37
889,34
890,32
891,40
892,30
893,7
894,0
895,2
896,23
897,4
898,17
899,17
900,17
901,17
902,17
903,27
904,11
905,39
906,12
907,32
908,1
909,16
910,30
911,1
912,2
913,0
914,28
915,28
916,6
917,6
918,48
918,0
919,0
920,1
921,3
922,27
923,32
924,1
925,1
926,45
927,50
927,5
928,34
929,1
930,2
931,28
932,21
933,33
934,17
935,17
936,6
937,28
938,23
939,28
940,40
941,27
942,33
943,18
944,17
945,45
946,40
947,32
948,15
949,33
950,33
951,38
952,34
953,36
954,35
955,6
956,6
957,20
958,32
959,9
960,32
961,6
962,6
963,6
964,19
965,1
966,19
967,16
968,31
969,19
970,28
971,3
972,27
973,27
974,12
975,27
976,7
977,32
978,2
979,42
980,14
980,50
981,26
982,31
983,1
984,28
985,8
986,8
987,19
988,6
989,19
990,1
991,2
992,27
993,0
994,6
995,15
996,21
997,33
998,19
999,1
1000,19
1001,32
1002,14
1003,2
1004,1
1005,34
1006,33
1007,8
1008,28
1009,33
1010,9
1011,29
1012,3
1013,13
1014,16
1015,0
1016,2
1017,36
1018,11
1019,0
1020,6
1021,6
1022,27
1023,1
1024,32
1025,49
1025,41
1026,1
1027,1
1028,33
1029,1
1030,15
1031,19
1032,1
1033,2
1034,1
1035,0
1036,26
1037,52
1037,43
1038,31
1039,5
1040,31
1041,10
1042,10
1043,10
1044,8
1045,19
1046,21
1047,28
1048,8
1049,9
1050,12
1051,12
1052,6
1053,41
1054,9
1055,9
1056,21
1057,19
1058,23
1059,40
1060,27
1061,27
1062,27
1063,1
1064,3
1065,18
1066,33
1067,33
1068,12
1068,6
1069,29
1070,0
1071,19
1072,33
1073,3
1074,30
1075,15
1076,36
1077,1
1078,19
1079,6
1080,27
1081,26
1082,13
1083,9
1084,1
1085,9
1086,13
1086,49
1087,29
1087,49
1088,19
1089,31
1090,1
1091,6
1092,26
1093,9
1094,12
1095,12
1095,51
1096,41
1097,0
1098,8
1099,18
1100,41
1101,9
1102,26
1103,19
1104,36
1105,8
1106,7
1107,15
1108,27
1109,41
1110,52
1110,29
1111,48
1111,46
1112,30
1113,29
1114,18
1115,29
1116,8
1117,33
1118,9
1119,18
1120,23
1121,1
1122,8
1123,34
1124,41
1124,49
1125,34
1126,33
1127,1
1128,28
1129,31
1130,27
1131,11
1132,16
1133,23
1134,28
1135,30
1136,37
1137,16
1138,28
1139,28
1140,0
1141,28
1142,30
1143,36
1144,0
1145,18
1146,9
1147,0
1148,0
1149,45
1150,0
1151,33
1152,24
1152,6
1153,6
1154,33
1155,24
1155,50
1156,6
1156,51
1157,51
1157,6
1158,24
1158,51
1159,50
1159,6
1160,33
1161,27
1162,33
1163,33
1164,33
1165,33
1166,26
1167,31
1168,33
1169,33
1170,32
1171,32
1172,1
1173,15
1174,8
1175,18
1176,26
1177,3
1178,6
1179,3
1180,2
1181,33
1182,33
1183,2
1184,19
1185,23
1186,35
1187,17
1188,17
1189,17
1190,25
1191,33
1192,49
1192,43
1193,30
1194,26
1195,28
1196,34
1197,0
1198,12
1199,36
1200,8
1201,29
1201,49
1202,49
1202,41
1203,49
1203,29
1204,33
1205,1
1206,23
1207,23
1208,23
1209,23
1210,23
1211,3
1212,23
1213,23
1214,23
1215,23
1216,23
1217,23
1218,32
1219,23
1220,23
1221,23
1222,23
1223,23
1224,23
1225,23
1226,43
1227,29
1228,20
1229,11
1230,1
1231,23
1232,19
1233,0
1234,23
1235,39
1236,19
1237,11
1238,1
1239,29
1240,21
1241,22
1242,22
1243,16
1244,16
1245,18
1246,45
1247,18
1248,0
1249,13
1250,13
1251,13
1252,21
1253,5
1254,2
1255,12
1256,28
1257,36
1258,25
1259,19
1260,12
1261,12
1262,29
1263,3
1264,7
1265,28
1266,30
1267,16
1268,40
1269,7
1270,3
1271,48
1271,0
1272,0
1273,2
1274,18
1275,33
1276,12
1277,16
1278,13
1279,16
1280,31
1281,28
1282,52
1282,13
1283,30
1284,11
1285,3
1286,16
1287,18
1287,49
1288,18
1289,18
1290,18
1291,12
1292,18
1293,43
1294,27
1295,21
1296,16
1297,7
1298,7
1299,15
1300,27
1301,6
1302,36
1303,3
1304,36
1305,0
1306,31
1307,32
1308,21
1309,11
1310,36
1311,3
1312,28
1313,0
1314,0
1315,0
1316,36
1317,36
1318,12
1319,0
1320,45
1321,28
1322,38
1323,6
1324,14
1325,2
1326,14
1327,2
1328,8
1329,2
1330,2
1331,38
1332,42
1333,42
1334,42
1335,38
1336,38
1337,38
1338,1
1339,20
1340,30
1341,1
1342,6
1343,8
1344,14
1345,12
1346,1
1347,28
1348,28
1349,28
1350,28
1351,28
1352,11
1353,4
1354,16
1355,18
1356,21
1357,3
1358,0
1359,28
1360,28
1361,2
1362,8
1363,26
1364,26
1365,49
1365,15
1366,31
1367,49
1367,18
1368,42
1369,28
1370,24
1370,6
1371,36
1372,23
1373,19
1374,19
1375,0
1376,3
1377,6
1378,6
1379,26
1380,3
1381,11
1382,14
1383,0
1384,20
1385,3
1386,1
1387,11
1388,26
1389,5
1390,2
1391,5
1392,29
1393,33
1394,21
1395,2
1396,1
1397,19
1398,40
1399,29
1400,8
1401,18
1402,0
1403,29
1404,29
1405,0
1406,26
1407,29
1408,0
1409,0
1410,0
1411,0
1412,3
1412,51
1413,0
1414,8
1415,8
1416,8
1417,20
1418,3
1419,2
1420,3
1421,3
1422,26
1423,0
1424,0
1425,0
1426,0
1427,26
1428,18
1429,15
1430,1
1431,6
1432,51
1432,6
1433,1
1434,19
1435,2
1436,19
1437,32
1438,2
1439,1
1440,7
1441,1
1442,2
1443,3
1444,2
1445,16
1446,33
1447,6
1448,6
1449,43
1449,52
1450,18
1451,6
1452,6
1453,30
1454,30
1455,18
1456,6
1457,25
1458,24
1459,12
1460,32
1461,21
1462,29
1463,19
1464,3
1465,39
1466,19
1467,1
1468,3
1469,17
1470,8
1471,33
1472,1
1473,9
1474,6
1475,33
1476,9
1477,1
1478,33
1479,19
1480,8
1481,16
1482,27
1483,9
1484,28
1485,6
1486,36
1487,36
1487,6
1488,18
1489,45
1490,28
1491,33
1492,2
1493,23
1494,31
1495,29
1495,51
1496,31
1497,34
1498,34
1499,35
1500,34
1501,30
1502,34
1503,34
1504,6
1504,24
1505,6
1505,24
1506,16
1507,26
1508,18
1509,16
1510,16
1511,16
1512,18
1513,18
1514,15
1515,15
1516,12
1517,51
1517,29
1518,1
1519,49
1519,45
1520,7
1521,37
1522,17
1523,29
1523,51
1524,51
1524,29
1525,24
1526,5
1527,14
1528,29
1529,29
1530,13
1531,1
1532,34
1533,32
1534,12
1535,41
1536,18
1537,12
1538,3
1539,21
1539,49
1540,6
1541,32
1542,1
1543,18
1544,21
1545,21
1546,21
1547,21
1548,26
1549,26
1550,37
1551,1
1552,26
1553,26
1554,12
1555,45
1556,45
1557,47
1558,21
1559,21
1560,17
1561,13
1562,0
1563,6
1563,24
1564,23
1565,22
1566,45
1567,26
1568,25
1569,12
1570,20
1571,33
1572,31
1573,31
1574,31
1575,6
1576,31
1577,44
1578,9
1579,21
1580,12
1581,23
1582,3
1583,21
1584,39
1585,6
1586,6
1587,2
1588,16
1589,25
1590,9
1591,36
1592,28
1593,18
1594,27
1595,2
1596,29
1596,51
1597,49
1597,18
1598,11
1599,36
1600,31
1601,18
1602,12
1603,34
1604,22
1605,22
1606,36
1607,36
1608,16
1609,19
1610,19
1611,19
1612,19
1613,11
1614,21
1615,33
1616,18
1617,18
1618,18
1619,2
1620,2
1621,0
1622,35
1623,15
1624,18
1625,36
1626,36
1627,35
1628,35
1629,52
1629,43
1630,23
1631,7
1632,0
1633,19
1634,16
1635,3
1636,52
1636,30
1637,32
1638,31
1639,6
1640,20
1641,0
1642,45
1643,15
1644,45
1645,29
1646,6
1647,18
1648,19
1649,19
1650,29
1651,21
1652,21
1653,22
1654,33
1655,26
1656,32
1657,34
1658,34
1659,1
1660,21
1661,14
1662,19
1663,16
1664,36
1665,28
1666,36
1667,28
1668,3
1669,41
1670,28
1671,36
1672,28
1673,34
1674,1
1675,28
1676,12
1677,29
1678,31
1679,45
1680,0
1681,1
1682,1
1683,31
1684,1
1685,17
1686,1
1687,6
1688,41
1689,23
1690,9
1691,9
1692,17
1693,1
1694,28
1695,6
1696,6
1697,6
1698,0
1699,18
1700,26
1701,7
1702,6
1703,23
1704,21
1705,21
1706,19
1707,31
1708,9
1709,27
1710,19
1711,15
1712,3
1713,3
1714,18
1714,49
1715,24
1715,6
1716,1
1717,1
1718,31
1719,18
1720,3
1721,19
1722,26
1723,18
1724,21
1725,18
1726,21
1727,3
1728,33
1729,20
1730,6
1731,1
1732,42
1733,42
1734,42
1735,42
1736,42
1737,33
1738,33
1739,15
1740,0
1741,33
1742,8
1743,30
1744,1
1745,28
1746,6
1747,6
1748,37
1749,2
1750,28
1751,28
1752,28
1753,40
1754,28
1755,28
1756,31
1757,41
1758,41
1759,49
1759,12
1760,18
1761,18
1762,18
1763,18
1764,11
1765,21
1766,34
1767,9
1768,34
1769,2
1770,34
1771,26
1772,26
1773,21
1774,32
1775,2
1776,0
1777,0
1778,14
1779,23
1780,18
1781,21
1782,26
1783,16
1784,32
1785,0
1786,8
1787,1
1788,23
1789,23
1790,23
1791,1
1792,33
1793,1
1794,1
1795,1
1796,38
1797,11
1798,11
1799,21
1800,3
1801,12
1802,3
1803,3
1804,3
1805,3
1806,36
1807,36
1808,36
1809,32
1810,22
1811,27
1812,32
1813,8
1814,8
1815,0
1816,32
1817,31
1818,21
1819,31
1820,16
1821,23
1822,27
1823,42
1824,42
1825,35
1826,35
1827,0
1828,49
1828,21
1829,0
1830,0
1831,14
1832,4
1833,21
1834,27
1835,36
1836,36
1837,34
1838,32
1839,12
1840,23
1841,6
1842,31
1843,18
1844,18
1845,12
1846,36
1847,1
1848,21
1849,20
1850,1
1851,33
1852,23
1853,36
1854,1
1855,33
1856,26
1857,19
1858,12
1859,31
1860,34
1861,1
1862,1
1863,1
1864,32
1865,24
1865,6
1866,42
1867,42
1868,38
1869,38
1870,42
1871,34
1872,11
1873,21
1874,0
1875,24
1876,8
1877,6
1878,11
1879,11
1880,21
1880,49
1881,11
1882,11
1883,11
1884,11
1885,11
1886,11
1887,11
1888,28
1889,18
1890,18
1891,18
1892,21
1893,12
1894,18
1895,30
1896,29
1897,29
1898,26
1899,0
1900,39
1901,1
1902,2
1903,11
1904,33
1905,42
1906,18
1907,18
1908,0
1909,8
1910,29
1911,36
1912,0
1913,1
1914,1
1915,19
1916,1
1917,40
1918,0
1919,25
1920,35
1921,9
1922,32
1923,1
1924,34
1925,34
1926,1
1927,34
1928,35
1929,34
1930,35
1931,36
1932,36
1933,29
1934,12
1935,19
1936,2
1937,1
1938,10
1939,33
1940,32
1941,35
1942,1
1943,13
1944,28
1945,25
1946,20
1947,26
1948,32
1949,1
1950,1
1951,1
1952,0
1953,40
1954,27
1955,3
1956,1
1957,28
1958,34
1959,1
1960,23
1961,0
1962,11
1963,6
1964,49
1964,45
1965,7
1966,1
1967,0
1968,3
1969,0
1970,0
1971,0
1972,1
1973,26
1974,2
1975,11
1976,11
1977,11
1978,26
1979,1
1980,7
1981,8
1982,8
1983,20
1984,25
1985,0
1986,1
1987,18
1988,21
1989,27
1990,36
1991,10
1992,16
1993,27
1994,0
1995,19
1996,20
1997,28
1998,26
1999,0
1999,52
2000,0
2001,50
2001,0
2002,26
2003,18
2004,41
2005,12
2006,18
2007,3
2008,4
2009,1
2010,1
2011,34
2012,33
2013,1
2014,36
2015,1
2016,1
2017,1
2018,11
2019,3
2020,13
2021,45
2022,33
2023,28
2024,6
2024,51
2025,51
2025,6
2026,6
2026,51
2027,51
2027,6
2028,3
2029,3
2030,8
2031,39
2032,33
2033,6
2034,33
2035,32
2036,37
2037,14
2038,2
2039,6
2040,7
2041,0
2042,1
2043,8
2044,15
2045,4
2046,25
2047,37
2048,20
2049,6
2050,0
2051,13
2052,16
2053,1
2054,27
2055,11
2056,2
2057,20
2058,1
2059,34
2060,27
2061,8
2062,17
2063,0
2064,1
2065,22
2066,23
2067,17
2068,2
2069,33
2070,17
2071,28
2072,1
2073,27
2074,0
2075,1
2076,18
2077,7
2078,33
2079,32
2080,1
2081,7
2082,7
2083,1
2084,33
2085,44
2086,32
2087,0
2088,36
2089,19
2090,9
2091,19
2092,0
2093,6
2094,6
2095,6
2096,6
2097,18
2098,37
2099,7
2100,45
2101,3
2102,1
2103,1
2104,34
2105,1
2106,33
2107,23
2108,23
2109,16
2110,5
2111,3
2112,8
2113,0
2114,31
2115,21
2116,36
2117,36
2118,36
2119,36
2120,36
2121,36
2122,18
2123,36
2124,36
2125,36
2126,21
2127,6
2128,1
2129,1
2130,1
2131,1
2132,28
2133,0
2134,33
2135,18
2136,38
2137,11
2138,6
2139,23
2140,18
2141,21
2142,18
2143,18
2144,21
2145,18
2146,10
2147,10
2148,10
2149,23
2150,0
2151,1
2152,21
2153,43
2154,13
2155,12
2156,30
2157,16
2158,1
2159,49
2159,21
2160,25
2161,8
2162,40
2163,38
2164,49
2164,41
2165,18
2166,18
2167,6
2168,6
2169,19
2170,0
2171,9
2172,18
2173,29
2174,18
2175,12
2176,41
2177,0
2178,23
2179,23
2180,4
2181,8
2182,6
2183,21
2184,47
2184,48
2185,19
2186,36
2187,16
2188,16
2189,34
2190,18
2191,23
2192,18
2193,34
2194,34
2195,11
2196,32
2197,32
2198,1
2199,32
2200,33
2201,33
2202,32
2203,32
2204,32
2205,32
2206,32
2207,32
2208,32
2209,32
2210,33
2211,0
2212,16
2213,0
2214,0
2215,27
2216,36
2217,27
2218,17
2219,0
2220,18
2221,0
2222,17
2223,43
2224,10
2225,26
2226,1
2227,1
2228,1
2229,1
2230,1
2231,1
2232,1
2233,1
2234,8
2235,33
2236,1
2237,11
2238,25
2239,6
2240,18
2241,36
2242,36
2243,3
2244,3
2245,36
2246,36
2247,36
2248,7
2249,2
2250,2
2251,1
2252,26
2253,33
2254,0
2255,20
2256,19
2257,10
2258,16
2259,0
2260,9
2261,19
2262,18
2263,29
2264,0
2265,21
2266,3
2267,26
2268,7
2269,36
2270,35
2271,20
2272,20
2273,20
2274,11
2275,10
2276,22
2277,10
2278,17
2279,45
2280,41
2280,49
2281,28
2282,18
2283,28
2284,11
2285,10
2286,3
2287,12
2288,41
2289,38
2290,12
2291,28
2292,12
2293,0
2294,8
2295,6
2296,6
2297,6
2297,24
2298,7
2299,16
2300,3
2301,7
2302,48
2302,6
2303,1
2304,1
2305,0
2306,19
2307,11
2308,3
2309,28
2310,31
2311,31
2312,0
2313,31
2314,31
2315,2
2316,33
2317,32
2318,22
2319,35
2320,39
2321,0
2322,9
2323,18
2324,18
2325,26
2326,26
2327,26
2328,0
2329,0
2330,0
2331,0
2332,0
2333,21
2334,9
2335,22
2336,26
2337,10
2338,41
2339,41
2340,41
2341,41
2342,41
2343,19
2344,0
2345,21
2346,18
2347,18
2348,16
2349,16
2350,26
2351,17
2352,32
2353,45
2354,45
2355,45
2356,11
2357,49
2357,13
2358,6
2359,0
2360,49
2360,43
2361,47
2362,32
2363,0
2364,23
2365,17
2366,11
2367,19
2368,17
2369,26
2370,19
2371,41
2372,41
2373,1
2374,1
2375,30
2376,0
2377,33
2378,21
2379,21
2380,40
2381,32
2382,11
2383,7
2384,6
2385,6
2386,6
2387,6
2388,6
2389,6
2390,7
2391,37
2392,7
2393,6
2394,1
2395,19
2396,7
2397,6
2398,6
2399,6
2400,37
2401,2
2402,6
2403,40
2404,6
2405,0
2406,40
2407,40
2408,40
2409,4
2410,23
2411,34
2412,19
2413,32
2414,32
2415,45
2416,32
2417,25
2418,6
2419,0
2420,32
2421,2
2422,27
2423,28
2424,19
2425,30
2426,6
2427,8
2428,33
2429,33
2430,1
2431,33
2432,1
2433,1
2434,30
2435,36
2436,1
2437,9
2438,20
2439,1
2440,1
2441,4
2442,21
2443,0
2444,6
2445,1
2446,6
2447,32
2448,19
2449,32
2450,33
2451,23
2452,1
2453,0
2454,5
2455,16
2456,33
2457,30
2458,24
2459,26
2460,20
2461,29
2462,29
2463,30
2464,44
2465,52
2465,24
2466,1
2467,1
2468,33
2469,23
2470,21
2471,1
2472,21
2473,36
2474,26
2475,26
2476,16
2477,23
2478,2
2479,8
2480,8
2481,33
2482,19
2483,37
2484,24
2485,8
2486,0
2487,25
2488,3
2489,32
2490,3
2491,35
2492,41
2493,1
2494,6
2495,8
2496,34
2497,23
2498,2
2499,2
2500,0
2501,6
2502,33
2503,1
2504,1
2505,11
2506,28
2507,31
2508,19
2509,19
2510,24
2510,50
2511,50
2511,6
2512,12
2513,50
2513,6
2514,26
2515,23
2516,27
2517,34
2518,26
2519,6
2519,29
2520,28
2521,24
2522,24
2523,29
2524,26
2525,39
2526,36
2527,26
2528,36
2529,1
2530,28
2531,36
2532,27
2533,1
2534,4
2535,1
2536,52
2536,30
2537,18
2538,18
2539,21
2540,9
2541,33
2542,6
2543,29
2544,6
2545,20
2546,11
2547,9
2548,19
2549,11
2550,28
2551,27
2552,8
2553,8
2554,8
2555,10
2556,14
2557,23
2558,20
2559,29
2560,36
2561,0
2562,28
2563,41
2563,49
2564,0
2564,52
2565,19
2566,12
2567,17
2568,33
2569,17
2570,12
2571,41
2572,32
2573,33
2574,48
2574,0
2575,13
2576,42
2577,42
2578,38
2579,42
2580,0
2581,1
2582,16
2583,16
2584,16
2585,36
2586,6
2587,6
2588,33
2589,33
2590,8
2591,12
2592,12
2593,26
2594,45
2595,6
2596,34
2597,16
2598,0
2599,31
2600,32
2601,9
2602,1
2603,30
2604,30
2605,42
2606,0
2607,32
2608,0
2608,48
2609,4
2610,37
2611,29
2612,29
2613,49
2613,29
2614,29
2615,15
2616,33
2617,33
2618,12
2619,23
2620,9
2621,6
2622,8
2623,20
2624,30
2625,23
2626,34
2627,34
2628,34
2629,0
2630,34
2631,0
2632,29
2632,52
2633,18
2634,23
2635,18
2636,14
2636,50
2637,30
2638,0
2639,0
2640,23
2641,7
2642,7
2643,7
2644,23
2645,2
2646,23
2647,6
2648,29
2648,52
2649,50
2649,24
2650,37
2651,14
2652,23
2653,0
2654,23
2655,2
2656,21
2657,0
2658,26
2659,30
2660,34
2661,34
2662,25
2663,3
2664,17
2665,34
2666,34
2667,34
2668,21
2669,48
2669,47
2670,47
2671,23
2672,34
2673,34
2674,34
2675,34
2676,34
2677,34
2678,34
2679,34
2680,0
2681,34
2682,34
2683,23
2684,34
2685,34
2686,34
2687,34
2688,34
2689,34
2690,34
2691,34
2692,34
2693,34
2694,35
2695,34
2696,14
2697,34
2698,14
2699,1
2700,34
2701,34
2702,34
2703,34
2704,3
2705,34
2706,34
2707,24
2708,1
2709,2
2710,33
2711,1
2712,34
2713,27
2714,2
2715,26
2716,3
2717,36
2718,36
2719,29
2720,23
2721,29
2722,31
2723,50
2723,24
2724,6
2725,6
2726,6
2727,6
2728,2
2729,36
2730,36
2731,36
2732,36
2733,5
2734,47
2735,5
2736,51
2736,24
2737,0
2738,19
2739,1
2740,11
2741,26
2742,14
2743,34
2744,2
2745,42
2746,0
2747,36
2748,36
2749,36
2750,26
2751,26
2752,26
2753,52
2753,6
2754,7
2755,19
2756,0
2756,49
2757,1
2758,2
2759,26
2760,26
2761,37
2762,2
2763,32
2764,20
2765,27
2766,21
2767,26
2768,12
2769,9
2770,26
2771,26
2772,26
2773,1
2774,23
2775,28
2776,1
2777,1
2778,6
2779,20
2780,14
2781,20
2782,40
2783,51
2783,0
2784,17
2785,7
2786,52
2786,30
2787,50
2787,14
2788,0
2789,29
2790,29
2791,1
2792,26
2793,27
2794,23
2795,23
2796,36
2797,21
2798,18
2799,25
2800,26
2801,0
2802,33
2803,41
2804,16
2805,39
2806,26
2807,28
2808,28
2809,6
2810,29
2811,2
2812,26
2813,26
2814,26
2815,26
2816,33
2817,0
2818,3
2819,21
2820,0
2821,49
2821,29
2822,0
2822,49
2823,34
2824,34
2825,14
2826,32
2827,32
2828,6
2829,8
2830,36
2831,28
2832,28
2833,28
2834,28
2835,33
2836,1
2837,32
2838,17
2839,26
2840,48
2840,6
2841,6
2841,24
2842,28
2843,32
2844,3
2845,49
2845,30
2846,21
2847,21
2848,1
2849,23
2850,23
2851,23
2852,23
2853,23
2854,23
2855,23
2856,23
2857,0
2858,7
2859,7
2860,36
2861,26
2862,26
2863,26
2864,11
2865,3
2866,25
2867,18
2868,45
2869,45
2870,31
2871,3
2871,6
2872,11
2873,2
2874,31
2875,26
2876,33
2877,8
2878,45
2879,27
2880,30
2881,36
2882,32
2883,32
2884,3
2885,26
2886,26
2887,12
2888,16
2889,8
2890,8
2891,8
2892,1
2893,20
2894,20
2895,1
2896,1
2897,1
2898,37
2899,1
2900,26
2901,29
2902,34
2903,7
2904,4
2905,28
2906,19
2907,31
2908,31
2909,31
2910,16
2911,28
2912,26
2913,23
2914,23
2915,23
2916,4
2917,3
2918,18
2919,23
2920,18
2921,31
2922,26
2923,3
2924,26
2925,8
2926,4
2927,20
2928,6
2929,8
2930,31
2931,0
2932,21
2933,41
2934,12
2935,12
2936,12
2937,12
2938,41
2939,17
2940,12
2941,12
2942,12
2943,12
2944,12
2945,12
2946,7
2947,27
2948,9
2949,7
2950,7
2951,33
2952,26
2953,26
2954,3
2955,3
2956,27
2957,32
2958,32
2959,12
2960,11
2961,12
2962,8
2963,18
2964,27
2965,16
2966,43
2967,30
2967,6
2968,12
2969,0
2970,1
2971,23
2972,27
2973,23
2974,13
2975,6
2976,29
2977,23
2978,26
2979,11
2980,11
2981,3
2982,49
2982,18
2983,12
2984,26
2985,32
2986,32
2987,4
2988,16
2989,26
2990,31
2991,6
2992,28
2993,11
2994,1
2995,1
2996,1
2997,7
2998,21
2999,19
3000,26
3001,26
3002,26
3003,37
3004,19
3005,33
3006,26
3007,6
3007,24
3008,29
3009,26
3010,19
3011,16
3012,23
3013,23
3014,16
3015,2
3016,3
3017,33
3018,33
3019,33
3020,23
3021,33
3022,24
3023,29
3023,51
3024,6
3025,1
3026,23
3027,11
3028,0
3029,1
3030,31
3031,0
3031,52
3032,50
3032,0
3033,29
3033,50
3034,0
3034,52
3035,29
3036,34
3037,3
3038,45
3039,0
3040,49
3040,21
3041,8
3042,21
3043,36
3044,36
3045,11
3046,49
3046,6
3047,13
3048,13
3049,12
3050,18
3051,3
3052,18
3053,23
3054,34
3055,34
3056,16
3057,48
3057,0
3058,48
3058,0
3059,3
3060,2
3061,1
3062,23
3063,23
3064,23
3065,23
3066,29
3067,6
3068,8
3069,16
3070,16
3071,16
3072,16
3073,16
3074,16
3075,16
3076,16
3077,16
3078,16
3079,16
3080,16
3081,2
3082,16
3083,16
3084,16
3085,11
3086,34
3087,6
3088,13
3089,43
3090,23
3091,37
3092,23
3093,33
3094,33
3095,23
3096,22
3097,23
3098,3
3099,3
3100,52
3100,6
3101,1
3102,19
3103,0
3104,19
3105,32
3106,32
3107,4
3108,19
3109,23
3110,23
3111,32
3112,26
3113,3
3114,41
3115,40
3116,19
3117,18
3118,19
3119,27
3120,27
3121,27
3122,26
3123,3
3124,35
3125,32
3126,9
3127,21
3127,49
3128,6
3129,4
3130,2
3131,5
3132,15
3133,24
3133,6
3134,25
3135,14
3136,14
3137,16
3138,16
3139,19
3140,28
3141,27
3142,19
3143,33
3144,16
3145,16
3146,7
3147,7
3148,7
3149,16
3150,28
3151,25
3152,28
3153,9
3154,23
3155,16
3156,1
3157,32
3158,1
3159,21
3160,26
3161,26
3162,28
3163,28
3164,19
3165,19
3166,28
3167,28
3168,16
3169,28
3170,28
3170,49
3171,28
3172,9
3173,9
3174,16
3175,28
3176,18
3177,10
3178,8
3179,30
3180,16
3181,23
3182,23
3183,23
3184,33
3185,33
3186,16
3187,22
3188,22
3189,3
3190,15
3191,15
3192,11
3193,2
3194,32
3195,26
3196,33
3197,1
3197,6
3198,22
3199,22
3200,26
3201,36
3202,19
3203,33
3204,33
3205,26
3206,3
3207,32
3208,8
3209,1
3210,0
3211,39
3211,6
3212,39
3212,48
3213,39
3214,39
3214,52
3215,51
3215,29
3216,8
3217,8
3218,29
3219,1
3220,15
3221,8
3222,1
3223,45
3223,51
3224,29
3225,29
3226,0
3227,29
3228,23
3229,6
3230,32
3231,20
3232,34
3233,1
3234,21
3235,12
3235,49
3236,0
3237,3
3238,3
3239,9
3240,29
3240,6
3241,24
3241,51
3242,6
3242,49
3243,49
3243,29
3244,29
3244,49
3245,51
3245,12
3246,7
3247,29
3248,6
3249,9
3250,1
3251,29
3252,29
3253,33
3254,22
3255,3
3256,6
3257,6
3258,6
3259,3
3260,3
3261,36
3262,36
3263,36
3264,3
3265,36
3266,20
3267,20
3268,11
3269,6
3270,33
3271,39
3272,36
3273,36
3274,26
3275,26
3276,1
3277,33
3278,33
3279,33
3280,19
3281,21
3282,29
3283,36
3284,8
3285,6
3286,33
3287,33
3288,28
3289,34
3290,31
3291,3
3292,4
3293,3
3294,4
3295,26
3296,26
3297,21
3298,21
3299,20
3300,25
3301,4
3302,26
3303,33
3304,13
3305,23
3306,33
3307,29
3308,24
3309,26
3310,21
3311,32
3312,32
3313,8
3314,39
3315,0
3316,4
3317,0
3318,19
3319,2
3320,31
3321,0
3322,4
3323,4
3324,34
3325,1
3326,1
3327,41
3328,41
3329,41
3330,12
3331,12
3332,1
3333,1
3334,1
3335,41
3336,34
3337,3
3338,1
3339,41
3340,1
3341,52
3341,30
3342,10
3343,8
3344,6
3345,6
3346,1
3347,8
3348,8
3349,8
3350,41
3351,9
3352,25
3353,34
3354,22
3355,7
3356,26
3357,26
3358,30
3359,26
3360,6
3361,17
3362,49
3362,6
3363,41
3364,0
3365,49
3365,15
3366,29
3366,51
3367,28
3368,36
3369,36
3370,0
3370,48
3371,19
3372,19
3373,19
3374,19
3375,19
3376,27
3377,26
3378,26
3379,34
3380,2
3381,24
3382,7
3383,23
3384,18
3385,18
3386,18
3387,18
3388,18
3389,18
3390,15
3391,18
3392,18
3393,11
3394,0
3395,31
3396,31
3397,4
3398,4
3399,33
3400,28
3401,19
3402,19
3403,2
3404,32
3405,0
3406,15
3407,33
3408,33
3409,1
3410,18
3411,28
3412,28
3413,32
3414,18
3415,32
3416,6
3417,19
3418,1
3419,12
3419,49
3420,37
3421,1
3422,33
3423,26
3424,16
3425,18
3426,34
3427,35
3428,35
3429,3
3430,2
3431,23
3432,8
3433,18
3434,10
3435,19
3436,49
3436,29
3437,4
3438,11
3439,1
3440,2
3441,41
3442,28
3443,17
3444,18
3445,31
3446,31
3447,49
3447,21
3448,25
3449,33
3450,30
3450,52
3451,33
3452,29
3453,31
3454,40
3455,20
3456,19
3457,28
3458,26
3459,26
3460,45
3461,28
3462,33
3463,33
3464,33
3465,32
3466,33
3467,32
3468,33
3469,33
3470,33
3471,16
3472,23
3473,33
3474,8
3475,32
3476,6
3477,2
3478,0
3479,18
3480,18
3481,33
3482,1
3483,3
3484,19
3485,1
3486,33
3487,35
3488,18
3489,1
3490,19
3491,19
3492,1
3493,8
3494,8
3495,2
3496,2
3497,8
3498,23
3499,8
3499,50
3500,2
3501,8
3502,2
3503,2
3504,1
3505,6
3506,50
3506,6
3507,6
3507,24
3508,19
3509,30
3510,32
3511,28
3512,11
3513,11
3514,18
3515,18
3516,26
3517,33
3518,52
3518,6
3519,5
3520,0
3521,0
3522,0
3523,23
3524,4
3525,34
3526,0
3527,12
3528,21
3529,29
3530,8
3531,34
3532,2
3533,2
3534,31
3535,31
3536,31
3537,2
3538,31
3539,2
3540,1
3541,36
3542,36
3543,36
3544,26
3545,26
3546,1
3547,0
3548,33
3549,2
3550,36
3551,26
3552,26
3553,36
3554,25
3555,30
3556,14
3556,49
3557,20
3558,20
3559,20
3560,16
3561,26
3562,26
3563,18
3564,26
3565,33
3566,6
3566,24
3567,6
3567,24
3568,6
3569,6
3570,6
3571,6
3572,23
3573,31
3574,29
3575,28
3576,15
3577,1
3578,6
3579,18
3580,45
3580,51
3581,51
3581,24
3582,15
3582,6
3583,51
3583,41
3584,24
3584,51
3585,24
3585,52
3586,51
3586,24
3587,13
3587,6
3588,45
3588,6
3589,6
3590,52
3590,30
3591,30
3591,52
3592,4
3592,48
3593,45
3593,52
3594,10
3595,1
3596,23
3597,5
3598,37
3599,12
3600,26
3601,0
3602,30
3603,30
3604,0
3605,9
3606,9
3607,19
3608,27
3609,9
3610,27
3611,9
3612,45
3613,9
3614,27
3615,9
3616,36
3617,36
3618,36
3619,9
3620,18
3621,35
3622,6
3623,5
3624,5
3625,5
3626,5
3627,5
3628,5
3629,5
3630,5
3631,5
3632,5
3633,14
3634,26
3635,37
3636,2
3637,16
3638,30
3639,34
3640,35
3641,34
3642,34
3643,27
3644,5
3645,29
3646,18
3647,32
3648,32
3649,8
3650,8
3651,30
3651,52
3652,0
3653,0
3654,33
3655,6
3656,18
3657,4
3658,34
3659,3
3660,47
3661,47
3662,47
3663,0
3663,49
3664,11
3665,6
3666,15
3667,28
3667,49
3668,6
3668,24
3669,0
3670,41
3671,18
3672,52
3672,0
3673,18
3674,21
3675,28
3676,9
3677,19
3678,29
3679,33
3680,37
3681,4
3682,28
3683,0
3684,28
3685,19
3686,1
3687,3
3688,18
3689,37
3690,1
3691,7
3692,41
3693,0
3694,28
3695,28
3696,28
3697,28
3698,3
3699,0
3700,34
3701,22
3702,36
3703,17
3704,22
3705,0
3706,18
3707,33
3708,26
3709,26
3710,12
3711,6
3712,33
3713,1
3714,9
3715,2
3716,45
3717,45
3718,18
3719,13
3720,8
3721,28
3722,28
3723,27
3724,27
3725,21
3726,41
3727,4
3728,32
3729,16
3730,8
3731,23
3732,1
3733,23
3734,0
3735,33
3736,6
3737,31
3738,12
3739,29
3740,13
3741,3
3742,3
3743,6
3744,36
3745,27
3746,37
3747,52
3747,43
3748,43
3749,43
3750,0
3750,52
3751,26
3752,23
3753,12
3754,2
3755,12
3756,45
3757,2
3758,23
3759,47
3760,34
3761,31
3762,30
3763,0
3764,16
3765,1
3766,0
3767,0
3768,11
3769,0
3770,13
3771,36
3772,36
3773,36
3774,36
3775,1
3776,15
3777,26
3778,30
3779,33
3780,16
3781,1
3782,3
3783,23
3784,23
3785,8
3786,14
3787,1
3788,1
3789,1
3790,42
3791,22
3792,22
3793,32
3794,28
3795,11
3796,10
3797,10
3798,28
3799,2
3800,31
3801,22
3802,22
3803,28
3804,31
3805,0
3806,42
3807,28
3808,31
3809,34
3810,31
3811,31
3812,27
3813,3
3814,23
3815,14
3816,51
3816,29
3817,24
3817,49
3818,1
3819,1
3820,29
3821,6
3821,49
3822,29
3823,20
3824,29
3825,7
3826,8
3827,2
3828,39
3829,6
3830,4
3831,6
3831,24
3832,26
3833,28
3834,6
3835,2
3836,45
3837,28
3838,28
3839,1
3840,29
3840,51
3841,45
3842,8
3843,34
3844,34
3845,34
3846,11
3847,23
3848,34
3849,0
3850,12
3851,3
3852,11
3853,0
3854,29
3855,12
3856,26
3857,5
3858,3
3859,6
3860,6
3861,21
3862,6
3863,6
3864,2
3865,6
3866,21
3867,18
3868,21
3869,49
3869,13
3870,3
3871,1
3872,34
3873,34
3874,26
3875,3
3876,45
3877,28
3878,2
3879,24
3880,6
3880,39
3881,6
3882,24
3883,6
3884,24
3884,6
3885,6
3885,39
3886,6
3887,6
3888,6
3888,24
3889,6
3890,14
3891,29
3891,51
3892,0
3892,6
3893,6
3894,6
3895,7
3896,7
3897,7
3898,6
3899,7
3900,6
3901,6
3902,6
3903,47
3903,48
3904,8
3905,6
3906,6
3907,6
3908,6
3909,6
3910,6
3911,6
3911,24
3912,6
3913,6
3914,6
3915,6
3916,6
3917,6
3918,6
3919,6
3920,6
3921,6
3922,6
3923,7
3924,6
3925,6
3926,6
3927,6
3928,6
3929,6
3930,6
3931,6
3932,6
3933,32
3934,28
3935,18
3936,28
3937,19
3938,16
3939,7
3940,16
3941,11
3942,13
3943,23
3944,23
3945,23
3946,23
3947,0
3948,31
3949,39
3950,0
3951,16
3952,10
3953,27
3954,15
3955,15
3956,18
3957,28
3958,33
3959,36
3960,34
3961,52
3961,43
3962,26
3963,37
3964,11
3965,3
3966,19
3967,5
3968,35
3969,36
3970,26
3971,26
3972,26
3973,26
3974,7
3975,0
3976,28
3977,11
3978,7
3979,7
3980,26
3981,2
3982,0
3983,33
3984,31
3985,31
3986,8
3987,5
3988,23
3989,12
3990,34
3991,4
3992,10
3993,10
3994,1
3995,36
3996,1
3997,1
3998,3
3999,0
3999,48
4000,24
4000,49
4001,21
4001,51
4002,29
4002,51
4003,41
4003,49
4004,13
4004,49
4005,13
4005,49
4006,1
4007,1
4008,19
4009,34
4010,34
4011,25
4012,34
4013,16
4014,41
4015,3
4016,29
4016,49
4017,41
4018,41
4019,36
4020,17
4021,16
4022,21
4023,25
4024,33
4025,23
4026,11
4027,7
4028,11
4029,29
4030,32
4031,6
4032,44
4033,7
4034,32
4035,16
4036,23
4037,23
4038,11
4039,8
4040,45
4041,15
4042,21
4043,21
4044,16
4045,22
4046,22
4047,20
4048,10
4049,0
4050,27
4051,16
4052,3
4053,7
4054,15
4055,45
4056,6
4057,6
4058,15
4059,29
4060,4
4061,26
4062,30
4063,18
4064,8
4065,39
4066,34
4067,50
4067,14
4068,6
4069,6
4070,39
4071,6
4071,24
4072,6
4073,12
4074,39
4075,24
4075,52
4076,29
4076,48
4077,52
4077,24
4078,6
4079,48
4079,0
4080,6
4080,24
4081,3
4082,3
4083,18
4084,36
4085,1
4086,7
4087,6
4088,1
4089,23
4090,23
4091,23
4092,1
4093,23
4094,11
4095,1
4096,21
4096,49
4097,3
4098,3
4099,34
4100,33
4101,36
4102,33
4103,1
4104,1
4105,26
4106,3
4107,2
4108,8
4109,1
4110,9
4111,32
4112,6
4113,8
4114,27
4115,23
4116,34
4117,19
4118,6
4119,2
4120,16
4121,27
4122,0
4123,13
4124,3
4125,2
4126,26
4127,27
4128,0
4129,0
4130,6
4131,1
4132,30
4133,1
4134,33
4135,8
4136,8
4137,8
4138,8
4139,1
4140,19
4141,36
4142,18
4143,31
4144,31
4145,0
4146,31
4147,47
4148,18
4149,8
4150,12
4151,12
4152,18
4153,13
4154,29
4155,21
4156,11
4157,9
4158,3
4159,26
4160,33
4161,33
4162,2
4163,23
4164,39
4165,26
4166,2
4167,32
4168,32
4169,32
4170,32
4171,32
4172,6
4173,6
4174,31
4175,11
4176,20
4177,11
4178,30
4179,30
4180,30
4181,30
4182,30
4183,23
4184,30
4185,30
4186,21
4187,52
4187,29
4188,28
4189,21
4190,27
4191,9
4192,30
4193,6
4194,8
4195,26
4196,3
4197,1
4198,1
4199,2
4200,0
4201,6
4202,2
4203,16
4204,0
4205,11
4206,11
4207,1
4208,7
4209,6
4210,19
4211,0
4212,32
4213,3
4214,16
4215,26
4216,36
4217,27
4218,0
4219,33
4220,23
4221,0
4222,0
4223,18
4224,0
4225,1
4226,23
4227,47
4228,8
4229,36
4230,36
4231,5
4232,32
4233,19
4234,39
4235,18
4236,31
4237,4
4238,19
4239,32
4240,32
4241,0
4242,33
4243,6
4244,21
4245,19
4246,19
4247,31
4248,31
4249,26
4250,1
4251,45
4252,26
4253,26
4254,6
4255,2
4256,0
4257,0
4258,14
4259,2
4260,2
4261,20
4262,1
4263,34
4264,34
4265,34
4266,34
4267,4
4268,32
4269,36
4270,30
4270,52
4271,34
4272,17
4273,33
4274,6
4275,18
4276,18
4277,13
4278,22
4279,45
4280,14
4281,26
4282,1
4283,32
4284,27
4285,32
4286,1
4287,1
4288,33
4289,8
4290,8
4291,1
4292,28
4293,0
4294,1
4295,0
4296,33
4297,0
4298,45
4299,18
4300,36
4301,29
4302,29
4303,29
4303,49
4304,11
4305,8
4306,13
4307,1
4308,32
4309,27
4310,33
4311,33
4312,16
4313,6
4314,6
4315,19
4316,45
4317,0
4318,6
4319,19
4320,11
4321,26
4322,20
4323,27
4324,33
4325,0
4326,33
4327,33
4328,8
4329,26
4330,3
4331,3
4332,28
4333,37
4334,19
4335,3
4336,19
4337,3
4338,3
4339,19
4340,19
4341,0
4342,3
4343,19
4344,29
4345,3
4346,29
4347,13
4348,1
4349,23
4350,12
4351,40
4352,14
4353,1
4354,1
4355,15
4356,0
4357,19
4358,0
4359,13
4360,19
4361,0
4362,36
4363,8
4364,34
4365,26
4366,26
4367,7
4368,45
4369,35
4370,19
4371,19
4372,28
4373,28
4374,18
4375,21
4376,12
4377,36
4378,20
4379,22
4380,26
4381,26
4382,2
4383,0
4384,34
4385,16
4386,31
4387,44
4388,37
4389,14
4390,7
4391,0
4392,29
4393,39
4394,39
4395,3
4396,14
4397,14
4398,0
4399,34
4400,28
4401,10
4402,3
4403,31
4404,10
4405,3
4406,27
4407,0
4408,1
4409,27
4410,27
4411,27
4412,21
4413,1
4414,31
4415,49
4415,41
4416,0
4417,0
4418,27
4419,26
4420,12
4421,23
4422,18
4423,3
4424,2
4425,11
4426,27
4427,18
4428,18
4429,9
4430,1
4431,6
4432,3
4433,10
4434,29
4435,10
4436,26
4437,6
4438,27
4439,36
4440,10
4441,36
4442,36
4443,10
4444,3
4445,36
4446,12
4447,29
4448,10
4449,11
4450,3
4451,45
4452,12
4453,3
4454,28
4455,21
4456,23
4457,5
4458,8
4459,8
4460,31
4461,18
4462,30
4463,7
4464,27
4465,8
4466,32
4467,31
4468,31
4469,11
4470,26
4471,41
4472,41
4473,34
4474,1
4475,12
4476,26
4477,26
4478,1
4479,2
4480,18
4481,31
4482,30
4483,29
4484,1
4485,1
4486,1
4487,7
4488,6
4489,19
4490,28
4491,31
4492,31
4493,15
4494,18
4495,18
4496,18
4497,18
4498,1
4499,49
4499,18
4500,10
4501,3
4502,0
4503,1
4504,6
4505,30
4506,29
4506,51
4507,50
4507,29
4508,26
4509,6
4510,18
4511,21
4512,13
4513,1
4514,12
4515,38
4516,31
4517,24
4518,24
4519,31
4520,20
4521,26
4522,36
4523,36
4524,16
4525,29
4526,8
4527,11
4528,16
4529,2
4530,13
4531,0
4532,14
4533,0
4534,13
4535,49
4535,29
4536,52
4536,29
4537,25
4538,36
4539,8
4540,8
4541,30
4542,12
4543,16
4544,29
4545,0
4546,9
4547,18
4548,8
4549,8
4550,0
4551,0
4552,31
4553,35
4554,35
4555,29
4555,51
4556,29
4557,7
4558,6
4559,43
4559,52
4560,33
4561,45
4562,22
4563,1
4564,3
4565,2
4566,4
4567,4
4568,1
4569,1
4570,1
4571,1
4572,1
4573,1
4574,1
4575,1
4576,1
4577,1
4578,1
4579,33
4580,1
4581,7
4582,4
4583,33
4584,33
4585,1
4586,27
4587,32
4588,36
4589,32
4590,31
4591,27
4592,6
4593,1
4594,2
4595,0
4596,26
4597,26
4598,26
4599,23
4600,19
4601,23
4602,23
4603,1
4604,4
4605,4
4606,4
4607,4
4608,4
4609,4
4610,23
4611,23
4612,23
4613,23
4614,23
4615,23
4616,23
4617,23
4618,23
4619,4
4620,14
4621,30
4622,34
4623,34
4624,34
4625,34
4626,34
4627,34
4628,34
4629,32
4630,0
4631,0
4632,21
4633,38
4634,23
4635,26
4636,23
4637,36
4638,3
4639,3
4640,31
4641,2
4642,0
4643,3
4644,36
4645,36
4646,20
4647,45
4648,11
4649,18
4650,12
4651,15
4652,15
4653,15
4654,15
4655,15
4656,15
4657,18
4658,18
4659,0
4660,18
4661,12
4662,21
4663,0
4664,0
4665,18
4666,18
4667,0
4668,34
4669,7
4670,7
4671,7
4672,7
4673,0
4674,7
4675,28
4676,40
4677,44
4678,44
4679,49
4679,24
4680,45
4681,20
4682,45
4683,11
4684,8
4685,34
4686,2
4687,13
4688,45
4689,0
4690,19
4691,2
4692,1
4693,7
4694,27
4695,26
4696,1
4697,21
4698,18
4699,0
4700,18
4701,18
4702,18
4703,3
4704,11
4705,9
4706,9
4707,42
4708,27
4709,2
4710,1
4711,8
4712,27
4713,1
4714,27
4715,33
4716,33
4717,32
4718,4
4719,0
4720,7
4721,34
4722,19
4723,33
4724,1
4725,16
4726,32
4727,1
4728,33
4729,7
4730,1
4731,36
4732,27
4733,8
4734,33
4735,33
4736,6
4737,8
4738,33
4739,1
4740,33
4741,6
4742,32
4743,8
4744,32
4745,33
4746,1
4747,0
4748,8
4749,26
4750,32
4751,10
4752,10
4753,28
4754,28
4755,28
4756,28
4757,28
4758,28
4759,28
4760,28
4761,28
4762,25
4763,2
4764,23
4765,38
4766,7
4767,7
4768,23
4769,34
4770,19
4771,10
4772,23
4773,0
4774,24
4775,27
4776,0
4777,31
4778,45
4779,33
4780,28
4781,34
4782,4
4783,19
4784,4
4785,21
4785,49
4786,11
4787,23
4788,16
4789,8
4790,23
4791,21
4792,32
4793,0
4794,21
4795,8
4796,26
4797,23
4798,29
4799,31
4800,3
4801,0
4802,15
4803,35
4804,31
4805,37
4806,31
4807,31
4808,35
4809,12
4810,2
4811,33
4812,20
4813,21
4814,21
4815,8
4816,13
4817,34
4818,18
4819,0
4820,1
4821,26
4822,31
4823,0
4824,18
4825,6
4826,6
4827,21
4828,21
4829,21
4830,21
4831,36
4832,27
4833,32
4834,37
4835,30
4836,31
4837,11
4838,41
4839,1
4840,2
4841,45
4842,31
4843,13
4844,3
4845,27
4846,17
4847,17
4848,36
4849,18
4850,29
4851,34
4852,52
4852,29
4853,30
4854,14
4855,27
4856,12
4857,18
4858,18
4859,18
4860,18
4861,25
4862,15
4863,6
4864,15
4865,23
4866,3
4867,15
4868,21
4869,26
4870,21
4871,23
4872,3
4873,9
4874,2
4875,18
4876,21
4877,1
4878,12
4879,11
4880,6
4881,6
4882,6
4883,6
4884,9
4885,9
4886,27
4887,9
4888,9
4889,9
4890,9
4891,27
4892,22
4893,22
4894,1
4895,23
4896,8
4897,23
4898,8
4899,23
4900,23
4901,23
4902,1
4903,23
4904,0
4905,8
4906,6
4907,6
4908,23
4909,3
4910,11
4911,26
4912,6
4913,1
4914,19
4915,6
4916,6
4917,7
4918,5
4919,18
4920,18
4921,18
4922,18
4923,3
4924,3
4925,10
4926,1
4927,23
4928,23
4929,1
4930,1
4931,1
4932,3
4933,28
4934,1
4935,23
4936,4
4937,33
4938,1
4939,6
4940,12
4940,51
4941,6
4942,2
4943,33
4944,28
4945,4
4946,0
4947,4
4948,23
4949,0
4950,0
4951,5
4952,5
4953,0
4954,23
4955,2
4956,38
4957,49
4957,41
4958,41
4958,49
4959,8
4960,26
4961,28
4962,17
4963,3
4964,1
4965,22
4966,29
4967,21
4968,21
4969,52
4969,30
4970,29
4970,52
4971,29
4972,30
4972,49
4973,4
4974,18
4975,2
4976,2
4977,20
4978,2
4979,31
4980,33
4981,32
4982,16
4983,19
4984,1
4985,1
4986,6
4987,31
4988,25
4989,23
4990,36
4991,26
4992,0
4993,8
4994,1
4995,1
4996,3
4997,19
4998,42
4999,34
5000,32
5001,2
5002,22
5003,51
5003,6
5004,52
5004,30
5005,6
5006,19
5007,1
5008,23
5009,8
5010,8
5011,17
5012,4
5013,16
5014,28
5015,34
5016,32
5017,32
5018,27
5019,32
5020,42
5021,7
5022,2
5023,36
5024,31
5025,26
5026,9
5027,49
5027,21
5028,10
5029,6
5030,23
5031,31
5032,31
5033,31
5034,31
5035,31
5036,31
5037,21
5038,3
5039,31
5040,0
5041,1
5042,7
5043,7
5044,26
5045,8
5046,1
5047,2
5048,1
5049,6
5050,6
5051,32
5052,6
5053,2
5054,6
5055,6
5056,16
5057,19
5058,27
5059,20
5060,43
5061,43
5062,23
5063,34
5064,28
5065,3
5066,3
5067,45
5068,19
5069,33
5070,28
5071,41
5071,49
5072,13
5073,13
5074,13
5075,13
5076,26
5077,22
5078,1
5079,26
5080,6
5081,34
5082,23
5083,28
5084,28
5085,29
5086,28
5087,36
5088,11
5089,20
5090,0
5091,36
5092,34
5093,1
5094,26
5095,2
5096,28
5097,21
5098,1
5099,7
5100,27
5101,4
5102,23
5103,30
5104,27
5105,6
5106,27
5107,27
5108,16
5109,22
5110,6
5111,22
5112,7
5113,28
5114,27
5115,27
5116,16
5117,27
5118,6
5119,6
5120,6
5121,33
5122,36
5123,27
5124,1
5125,7
5126,14
5127,45
5128,31
5129,6
5130,21
5131,18
5131,49
5132,11
5133,11
5134,16
5135,14
5136,21
5137,0
5138,27
5139,27
5140,12
5141,12
5142,27
5143,34
5144,27
5145,32
5146,6
5147,18
5148,1
5149,1
5150,1
5151,1
5152,1
5153,1
5154,1
5155,1
5156,1
5157,1
5158,6
5159,23
5160,23
5161,7
5162,19
5163,0
5164,12
5165,18
5166,18
5167,18
5168,18
5169,18
5170,18
5171,18
5172,15
5173,15
5174,18
5175,21
5176,36
5177,36
5178,36
5179,36
5180,36
5181,28
5182,28
5183,3
5184,31
5185,1
5186,30
5187,11
5188,19
5189,19
5190,19
5191,19
5192,8
5193,8
5194,19
5195,12
5196,1
5197,1
5198,1
5199,17
5200,9
5201,31
5202,11
5203,30
5204,31
5205,2
5206,31
5207,11
5208,27
5209,16
5210,19
5211,19
5212,19
5213,15
5214,35
5215,35
5216,34
5217,4
5218,0
5219,27
5220,1
5221,1
5222,1
5223,1
5224,1
5225,1
5226,33
5227,1
5228,32
5229,33
5230,0
5231,45
5232,34
5233,2
5234,18
5235,32
5236,28
5237,21
5238,11
5239,1
5240,26
5241,26
5242,25
5243,7
5244,36
5245,21
5246,26
5247,35
5248,8
5249,16
5250,39
5251,0
5252,33
5253,39
5254,39
5255,5
5256,45
5257,1
5258,18
5259,29
5260,36
5261,2
5262,2
5263,31
5264,13
5265,36
5266,1
5267,32
5268,41
5269,33
5270,16
5271,41
5272,1
5273,3
5274,12
5275,12
5276,29
5277,1
5278,6
5278,12
5279,12
5279,6
5280,49
5280,12
5281,31
5282,29
5283,29
5284,14
5285,45
5286,28
5287,28
5288,28
5289,30
5290,7
5291,0
5292,0
5293,23
5294,21
5295,11
5296,28
5297,28
5298,28
5299,26
5300,7
5301,3
5302,19
5303,3
5304,30
5305,13
5306,2
5307,39
5308,11
5309,39
5310,26
5311,26
5312,2
5313,12
5314,44
5315,2
5316,0
5317,33
5318,15
5318,50
5319,6
5320,35
5321,34
5322,0
5323,34
5324,32
5325,2
5326,2
5327,32
5328,2
5329,32
5330,2
5331,0
5332,34
5333,34
5334,36
5335,38
5336,0
5337,19
5338,1
5339,1
5340,23
5341,18
5342,18
5343,1
5344,31
5345,19
5346,31
5347,8
5348,16
5349,0
5350,0
5351,22
5352,1
5353,17
5354,32
5355,6
5356,3
5357,33
5358,32
5359,3
5360,28
5361,32
5362,0
5363,0
5364,17
5365,21
5366,1
5367,26
5368,1
5369,19
5370,6
5371,8
5372,9
5373,19
5374,8
5375,23
5376,23
5377,19
5378,0
5379,28
5380,0
5381,16
5382,0
5383,3
5384,19
5385,17
5386,8
5387,8
5388,8
5389,8
5390,8
5391,8
5392,23
5393,19
5394,8
5395,8
5396,8
5397,7
5398,7
5399,7
5400,8
5401,7
5402,34
5403,32
5404,0
5405,25
5406,32
5407,27
5408,28
5409,28
5410,28
5411,28
5412,0
5413,33
5414,34
5415,25
5416,0
5417,28
5418,28
5419,28
5420,28
5421,28
5422,28
5423,28
5424,28
5425,28
5426,28
5427,28
5428,28
5429,28
5430,28
5431,28
5432,28
5433,28
5434,28
5435,28
5436,28
5437,28
5438,28
5439,28
5440,28
5441,28
5442,28
5443,28
5444,33
5445,28
5446,28
5447,28
5448,1
5449,32
5450,28
5451,28
5452,18
5453,26
5454,1
5455,1
5456,1
5457,21
5458,17
5459,12
5460,12
5461,45
5462,45
5463,45
5464,32
5465,28
5466,28
5467,28
5468,19
5469,26
5470,26
5471,34
5472,19
5473,6
5474,6
5475,6
5476,36
5477,1
5478,32
5479,0
5480,19
5481,32
5482,43
5483,6
5484,0
5485,1
5486,6
5487,1
5488,30
5489,31
5490,31
5491,6
5492,32
5493,0
5494,6
5495,1
5496,6
5497,0
5498,1
5499,32
5500,1
5501,6
5502,6
5503,19
5504,19
5505,16
5506,0
5507,0
5508,12
5509,0
5510,0
5511,0
5512,0
5513,0
5514,0
5515,37
5516,0
5517,1
5518,0
5519,19
5520,34
5521,36
5522,19
5523,19
5524,19
5525,1
5526,2
5527,28
5528,28
5529,28
5530,9
5531,8
5532,28
5533,28
5534,28
5535,28
5536,28
5537,7
5538,34
5539,32
5540,2
5541,23
5542,25
5543,0
5544,0
5545,0
5546,7
5547,28
5548,7
5549,33
5550,0
5551,34
5552,34
5553,12
5554,1
5555,1
5556,1
5557,1
5558,32
5559,1
5560,0
5561,32
5562,23
5563,18
5564,19
5565,3
5566,34
5567,19
5568,1
5569,1
5570,34
5571,32
5572,4
5573,21
5574,6
5575,35
5576,13
5577,35
5578,34
5579,37
5580,24
5581,10
5582,6
5583,33
5584,33
5585,41
5586,41
5587,17
5588,49
5588,41
5589,12
5590,18
5591,11
5592,41
5593,26
5594,26
5595,27
5596,27
5597,24
5598,6
5599,18
5600,27
5601,19
5602,19
5603,27
5604,45
5605,19
5606,6
5607,8
5608,8
5609,32
5610,3
5611,1
5612,13
5613,1
5614,15
5615,36
5616,0
5617,0
5618,44
5619,23
5620,26
5621,26
5622,33
5623,19
5624,8
5625,51
5625,29
5626,25
5627,0
5628,25
5629,19
5630,36
5631,2
5632,3
5633,3
5634,33
5635,28
5636,15
5637,15
5638,12
5639,23
5640,2
5641,12
5642,19
5643,19
5644,3
5645,11
5646,27
5647,6
5648,45
5649,37
5650,2
5651,0
5652,37
5653,26
5654,28
5655,28
5656,11
5657,29
5658,30
5659,27
5660,45
5660,49
5661,24
5662,2
5663,33
5664,1
5665,26
5666,12
5667,3
5668,7
5669,6
5670,6
5671,7
5672,7
5673,7
5674,6
5675,6
5676,6
5677,6
5678,7
5679,7
5680,7
5681,6
5682,7
5683,7
5684,6
5685,6
5686,6
5687,6
5688,1
5689,25
5690,32
5691,36
5692,6
5693,21
5694,26
5695,32
5696,21
5697,32
5698,15
5699,15
5700,1
5701,23
5702,33
5703,1
5704,5
5705,25
5706,26
5707,3
5708,8
5709,12
5710,51
5710,24
5711,0
5712,31
5713,18
5714,3
5715,24
5716,1
5717,6
5718,12
5719,6
5720,45
5721,30
5722,32
5723,33
5724,1
5725,12
5726,9
5727,20
5728,16
5729,16
5730,30
5731,30
5732,0
5733,27
5734,29
5735,27
5736,33
5737,0
5738,3
5739,0
5740,2
5741,0
5742,0
5743,0
5744,8
5745,0
5746,0
5747,0
5748,32
5749,6
5750,16
5751,16
5752,1
5753,0
5754,6
5755,23
5756,21
5757,29
5758,12
5759,29
5760,29
5761,12
5762,8
5763,19
5764,6
5765,24
5765,6
5766,6
5766,24
5767,39
5768,19
5769,6
5770,6
5771,1
5772,2
5773,16
5774,16
5775,19
5776,32
5777,7
5778,26
5779,11
5780,36
5781,12
5782,20
5783,20
5784,3
5785,36
5786,36
5787,20
5788,1
5789,32
5790,6
5791,20
5792,20
5793,33
5794,0
5795,1
5796,20
5797,14
5798,14
5799,3
5800,1
5801,32
5802,1
5803,20
5804,3
5805,14
5806,7
5807,6
5807,24
5808,23
5809,41
5810,19
5811,8
5812,4
5813,1
5814,4
5815,1
5816,1
5817,17
5818,17
5819,6
5820,4
5821,8
5822,4
5823,32
5824,2
5825,1
5826,4
5827,32
5828,4
5829,27
5830,33
5831,1
5832,19
5833,7
5834,1
5835,45
5836,33
5837,23
5838,1
5839,33
5840,19
5841,33
5842,33
5843,22
5844,1
5845,1
5846,1
5847,19
5848,32
5849,6
5850,33
5851,32
5852,19
5853,32
5854,3
5855,32
5856,32
5857,32
5858,32
5859,19
5860,28
5861,19
5862,33
5863,32
5864,32
5865,32
5866,32
5867,32
5868,32
5869,32
5870,32
5871,25
5872,32
5873,33
5874,26
5875,2
5876,0
5877,33
5878,33
5879,1
5880,7
5881,1
5882,32
5883,36
5884,32
5885,32
5886,32
5887,25
5888,26
5889,17
5890,9
5891,3
5892,1
5893,9
5894,9
5895,1
5896,6
5897,19
5898,32
5899,16
5900,0
5901,32
5902,6
5903,32
5904,7
5905,19
5906,19
5907,16
5908,7
5909,32
5910,23
5911,23
5912,23
5913,32
5914,32
5915,32
5916,3
5917,33
5918,7
5919,8
5920,7
5921,37
5922,33
5923,18
5924,16
5925,19
5926,33
5927,28
5928,28
5929,33
5930,4
5931,8
5932,23
5933,32
5934,1
5935,32
5936,0
5937,33
5938,33
5939,1
5940,33
5941,33
5942,1
5943,1
5944,1
5945,33
5946,1
5947,1
5948,37
5949,33
5950,4
5951,1
5952,32
5953,26
5954,29
5955,45
5956,45
5957,12
5958,24
5959,24
5960,29
5961,24
5962,24
5963,33
5964,3
5965,0
5966,29
5967,7
5968,0
5969,8
5970,0
5971,26
5972,11
5973,6
5974,26
5975,1
5976,3
5977,3
5978,33
5979,18
5980,19
5981,26
5982,26
5983,33
5984,3
5985,52
5985,29
5986,26
5987,32
5988,19
5989,32
5990,32
5991,2
5992,32
5993,8
5994,3
5995,32
5996,32
5997,27
5998,36
5999,32
6000,32
6001,32
6002,32
6003,3
6004,36
6005,32
6006,29
6007,26
6008,26
6009,26
6010,26
6011,26
6012,4
6013,19
6014,19
6015,19
6016,23
6017,23
6018,9
6019,16
6020,27
6021,3
6022,0
6023,25
6024,16
6025,8
6026,30
6027,16
6028,28
6029,3
6030,6
6031,33
6032,19
6033,19
6034,6
6035,1
6036,6
6037,6
6038,8
6039,11
6040,3
6041,1
6042,19
6043,32
6044,7
6045,7
6046,32
6047,27
6048,2
6049,19
6050,32
6051,27
6052,32
6053,0
6054,1
6055,32
6056,3
6057,25
6058,32
6059,32
6060,6
6061,33
6062,6
6063,6
6064,19
6065,1
6066,45
6067,6
6068,27
6069,33
6070,6
6071,6
6072,6
6073,4
6074,6
6075,6
6076,6
6077,34
6078,21
6079,27
6080,32
6081,0
6082,19
6083,25
6084,6
6085,6
6086,6
6087,6
6088,36
6089,6
6090,32
6091,33
6092,32
6093,36
6094,3
6095,28
6096,10
6097,1
6098,33
6099,19
6100,3
6101,33
6102,28
6103,32
6104,33
6105,41
6106,4
6107,28
6108,0
6109,1
6110,6
6111,1
6112,32
6113,7
6114,33
6115,6
6116,28
6117,32
6118,25
6119,19
6120,33
6121,32
6122,6
6123,32
6124,3
6125,27
6126,0
6127,32
6128,7
6129,28
6130,28
6131,27
6132,3
6133,11
6134,32
6135,43
6136,43
6137,28
6138,0
6139,1
6140,19
6141,7
6142,19
6143,16
6144,0
6145,19
6146,19
6147,33
6148,1
6149,9
6150,32
6151,6
6152,30
6153,1
6154,6
6155,20
6156,7
6157,45
6158,45
6159,45
6160,15
6161,45
6162,45
6163,45
6164,29
6165,23
6166,18
6167,28
6168,4
6169,41
6170,24
6171,7
6172,6
6173,36
6174,17
6175,26
6176,26
6177,26
6178,33
6179,1
6180,25
6181,4
6182,1
6183,12
6184,12
6185,41
6186,12
6187,12
6188,41
6189,6
6190,41
6191,42
6192,41
6193,35
6194,12
6195,21
6196,51
6196,45
6197,27
6198,27
6199,26
6200,28
6201,36
6202,6
6202,24
6203,14
6204,6
6204,29
6205,1
6206,13
6207,13
6208,44
6209,44
6210,21
6211,50
6211,29
6212,13
6213,0
6214,42
6215,18
6216,12
6217,45
6218,18
6219,5
6220,23
6221,0
6222,23
6223,21
6224,28
6225,28
6226,18
6227,1
6228,21
6229,0
6230,33
6231,30
6232,12
6233,30
6234,13
6235,43
6236,7
6236,6
6237,1
6238,21
6239,30
6240,41
6241,41
6242,41
6243,51
6243,29
6244,51
6244,6
6245,6
6245,51
6246,24
6246,51
6247,51
6247,24
6248,51
6248,24
6249,45
6249,51
6250,51
6250,6
6251,6
6251,51
6252,24
6252,51
6253,50
6253,6
6254,51
6254,29
6255,20
6256,36
6257,36
6258,43
6259,1
6260,41
6261,41
6262,7
6263,43
6264,3
6265,6
6266,43
6267,29
6268,29
6269,1
6270,1
6271,2
6272,30
6273,41
6274,47
6275,3
6276,3
6277,2
6278,14
6279,2
6280,2
6281,23
6282,34
6283,4
6284,45
6285,2
6286,1
6287,7
6288,0
6289,1
6290,33
6291,1
6292,1
6293,1
6294,1
6295,1
6296,1
6297,1
6298,1
6299,26
6300,36
6301,32
6302,30
6303,30
6304,26
6305,39
6306,16
6307,20
6308,23
6309,15
6310,21
6311,1
6312,13
6313,13
6314,7
6315,13
6316,10
6317,52
6317,43
6318,20
6319,23
6320,14
6320,50
6321,8
6322,3
6323,11
6324,12
6325,12
6326,12
6326,49
6327,23
6328,41
6329,26
6330,26
6331,29
6331,51
6332,6
6332,24
6333,26
6334,29
6334,51
6335,29
6336,26
6337,32
6338,33
6339,24
6340,33
6341,29
6342,33
6343,26
6344,6
6345,28
6346,1
6347,34
6348,1
6349,0
6349,48
6350,0
6350,51
6351,36
6351,49
6352,49
6352,12
6353,15
6354,49
6354,21
6355,1
6356,33
6357,2
6358,48
6358,0
6359,48
6359,0
6360,9
6361,3
6362,19
6363,35
6364,8
6365,6
6366,1
6367,30
6368,41
6369,19
6370,0
6371,6
6372,12
6373,18
6374,12
6375,15
6376,21
6377,13
6378,11
6379,26
6380,1
6381,27
6382,0
6383,1
6384,0
6385,1
6386,3
6387,1
6388,19
6389,33
6390,2
6391,1
6392,16
6393,6
6394,26
6395,26
6396,7
6397,7
6398,7
6399,7
6400,3
6401,3
6402,19
6403,23
6404,31
6405,26
6406,23
6407,23
6408,26
6409,26
6410,26
6411,26
6412,26
6413,26
6414,16
6415,26
6416,19
6417,23
6418,1
6419,39
6420,30
6421,0
6422,16
6423,21
6424,13
6425,45
6426,27
6427,3
6428,12
6429,26
6430,29
6431,19
6432,28
6433,12
6434,0
6435,0
6436,26
6437,20
6438,20
6439,20
6440,20
6441,18
6442,26
6443,1
6444,1
6445,36
6446,1
6447,0
6448,42
6449,0
6450,1
6451,1
6452,1
6453,13
6454,32
6455,20
6456,45
6457,8
6458,26
6459,8
6460,18
6461,18
6462,45
6463,23
6464,26
6465,26
6466,8
6467,2
6468,31
6469,31
6470,31
6471,31
6472,2
6473,6
6474,33
6475,17
6476,23
6477,29
6478,13
6479,45
6480,23
6481,26
6482,48
6482,39
6483,45
6484,29
6485,12
6486,21
6487,20
6488,16
6489,36
6490,36
6491,2
6492,5
6493,16
6494,6
6495,3
6496,23
6497,36
6498,36
6499,16
6500,2
6501,10
6502,28
6503,21
6504,1
6505,6
6506,33
6507,30
6508,4
6509,11
6510,11
6511,27
6512,0
6513,6
6514,6
6515,32
6516,36
6517,1
6518,12
6519,12
6520,12
6521,12
6522,12
6523,12
6524,12
6525,23
6526,12
6527,3
6528,1
6529,11
6530,16
6531,16
6532,32
6533,1
6534,1
6535,1
6536,32
6537,2
6538,32
6539,32
6540,32
6541,32
6542,1
6543,27
6544,6
6545,25
6546,16
6547,1
6548,1
6549,8
6550,1
6551,6
6552,16
6553,16
6554,16
6555,16
6556,0
6557,34
6558,0
6559,0
6560,0
6561,3
6562,33
6563,2
6564,1
6565,0
6566,34
6567,4
6568,34
6569,34
6570,9
6571,6
6572,7
6573,7
6574,7
6575,1
6576,1
6577,4
6578,4
6579,23
6580,34
6581,1
6582,1
6583,34
6584,1
6585,6
6586,8
6587,1
6588,1
6589,1
6590,11
6591,0
6592,0
6593,1
6594,11
6595,1
6596,28
6597,32
6598,36
6599,33
6600,26
6601,33
6602,32
6603,6
6604,11
6605,1
6606,3
6607,0
6608,34
6609,34
6610,34
6611,1
6612,6
6613,34
6614,6
6615,32
6616,33
6617,32
6618,4
6619,1
6620,4
6621,33
6622,1
6623,1
6624,33
6625,1
6626,33
6627,32
6628,21
6629,22
6630,9
6631,32
6632,1
6633,1
6634,1
6635,36
6636,22
6637,1
6638,32
6639,29
6640,3
6641,29
6642,45
6643,45
6644,45
6645,45
6646,45
6647,45
6648,45
6649,18
6650,18
6651,30
6652,4
6653,6
6654,0
6655,32
6656,0
6657,20
6658,32
6659,1
6660,2
6661,3
6662,0
6663,34
6664,34
6665,34
6666,34
6667,2
6668,34
6669,0
6670,23
6671,0
6672,0
6673,1
6674,16
6675,16
6676,16
6677,32
6678,16
6679,16
6680,32
6681,19
6682,32
6683,33
6684,6
6685,6
6686,32
6687,19
6688,2
6689,32
6690,16
6691,16
6692,17
6693,8
6694,26
6695,34
6696,1
6697,8
6698,2
6699,1
6700,1
6701,28
6702,27
6703,8
6704,9
6705,8
6706,2
6707,7
6708,2
6709,16
6710,1
6711,42
6712,1
6713,11
6714,6
6715,1
6716,1
6717,13
6718,19
6719,1
6720,8
6721,33
6722,0
6723,28
6724,7
6724,6
6725,8
6726,35
6727,6
6728,40
6729,23
6730,28
6731,0
6732,2
6733,28
6734,3
6735,27
6736,3
6737,8
6738,6
6739,47
6740,0
6741,12
6742,0
6743,3
6744,3
6745,10
6746,3
6747,3
6748,3
6749,0
6750,0
6751,0
6752,18
6753,32
6754,11
6755,32
6756,0
6757,32
6758,0
6759,38
6760,38
6761,16
6762,3
6763,0
6764,1
6765,16
6766,36
6767,4
6768,33
6769,4
6770,16
6771,32
6772,1
6773,4
6774,33
6775,33
6776,11
6777,32
6778,43
6779,3
6780,36
6781,11
6782,27
6783,8
6784,11
6785,32
6786,32
6787,33
6788,1
6789,9
6790,1
6791,32
6792,43
6793,1
6794,34
6795,39
6796,28
6797,2
6798,34
6799,36
6800,20
6801,18
6802,18
6803,18
6804,18
6805,18
6806,1
6807,1
6808,34
6809,40
6810,1
6811,27
6812,49
6812,18
6813,9
6814,7
6815,0
6816,27
6817,27
6818,9
6819,45
6820,7
6821,2
6822,5
6823,0
6824,45
6825,12
6826,16
6827,18
6828,9
6829,12
6830,6
6831,1
6832,9
6833,32
6834,1
6835,32
6836,9
6837,33
6838,1
6839,3
6840,27
6841,2
6842,32
6843,9
6844,1
6845,27
6846,3
6847,36
6848,6
6849,19
6850,27
6851,7
6852,3
6853,21
6854,18
6855,7
6856,28
6857,9
6858,47
6859,47
6860,36
6861,2
6862,19
6863,9
6864,7
6865,34
6866,6
6867,36
6868,18
6869,6
6870,16
6871,26
6872,32
6873,19
6874,3
6875,36
6876,8
6877,33
6878,1
6879,6
6880,30
6880,50
6881,23
6882,3
6883,12
6883,49
6884,0
6885,23
6886,30
6887,30
6888,34
6889,32
6890,6
6891,6
6892,32
6893,33
6894,32
6895,19
6896,19
6897,45
6898,36
6899,3
6900,18
6901,23
6902,19
6903,19
6904,45
6905,0
6906,18
6907,18
6908,18
6909,18
6910,26
6911,0
6912,28
6913,18
6914,41
6915,8
6916,28
6917,28
6918,32
6919,19
6920,19
6921,19
6922,3
6923,18
6924,3
6925,32
6926,32
6927,29
6928,13
6929,28
6930,12
6931,45
6932,52
6932,43
6933,41
6934,21
6935,0
6936,30
6937,30
6938,6
6939,6
6940,0
6941,33
6942,18
6943,34
6944,6
6945,16
6946,11
6947,20
6948,20
6949,11
6950,11
6951,2
6952,2
6953,11
6954,40
6955,18
6956,18
6957,18
6958,1
6959,18
6960,8
6961,31
6962,27
6963,36
6964,36
6965,7
6966,32
6967,9
6968,13
6969,18
6970,13
6971,32
6972,7
6973,37
6974,20
6975,20
6976,51
6976,29
6977,21
6978,21
6979,0
6980,20
6981,3
6982,29
6983,6
6983,24
6984,1
6985,1
6986,9
6987,1
6988,1
6989,12
6990,1
6991,33
6992,8
6993,8
6994,1
6995,26
6996,27
6997,30
6998,30
6999,3
7000,0
7001,6
7002,0
7003,26
7004,9
7005,11
7006,32
7007,3
7008,0
7009,7
7010,6
7011,6
7012,3
7013,19
7014,6
7015,33
7016,18
7017,15
7018,5
7019,5
7020,5
7021,0
7022,9
7023,18
7024,18
7025,35
7026,51
7026,14
7027,0
7028,24
7029,24
7029,50
7030,0
7031,23
7032,14
7032,50
7033,10
7034,33
7035,0
7036,0
7037,43
7038,0
7039,0
7040,34
7041,21
7042,29
7043,1
7044,23
7045,23
7046,3
7047,52
7047,24
7048,29
7048,50
7049,34
7050,37
7051,19
7052,0
7053,1
7054,4
7055,26
7056,16
7057,9
7058,19
7059,11
7060,3
7061,19
7062,3
7063,1
7064,23
7065,28
7066,29
7067,43
7068,49
7068,29
7069,11
7070,26
7071,31
7072,7
7073,33
7074,36
7075,23
7076,26
7077,26
7078,22
7079,32
7080,22
7081,26
7082,1
7083,33
7084,33
7085,1
7086,1
7087,26
7088,39
7088,48
7089,44
7090,29
7091,1
7092,6
7093,15
7094,15
7095,18
7096,0
7097,15
7098,26
7099,8
7100,29
7101,8
7102,28
7103,3
7104,9
7105,27
7106,17
7107,23
7108,12
7109,12
7110,12
7111,19
7112,19
7113,19
7114,19
7115,6
7116,32
7117,32
7118,33
7119,9
7120,23
7121,0
7122,0
7123,32
7124,18
7124,49
7125,30
7126,30
7127,8
7128,33
7129,33
7130,6
7131,31
7132,26
7133,1
7134,0
7135,12
7136,27
7137,31
7138,43
7139,43
7140,43
7141,18
7142,19
7143,11
7144,5
7145,48
7145,39
7146,24
7146,6
7147,39
7148,3
7149,21
7150,20
7151,16
7152,1
7153,12
7154,0
7155,0
7156,26
7157,29
7158,29
7159,52
7159,30
7160,43
7160,52
7161,43
7161,52
7162,52
7162,43
7163,43
7164,26
7165,7
7166,33
7167,6
7168,20
7169,20
7170,11
7171,43
7171,52
7172,43
7173,11
7174,2
7175,17
7176,0
7177,1
7178,0
7179,21
7180,0
7181,27
7182,27
7183,27
7184,27
7185,31
7186,0
7187,31
7188,0
7189,0
7190,0
7191,31
7192,31
7193,31
7194,2
7195,31
7196,31
7197,19
7198,3
7199,33
7200,9
7201,45
7202,0
7203,8
7204,19
7205,34
7206,45
7207,28
7208,37
7209,9
7210,12
7211,26
7212,19
7213,1
7214,1
7215,8
7216,20
7217,1
7218,7
7219,27
7220,6
7221,12
7222,29
7223,31
7224,26
7225,15
7226,15
7227,15
7228,15
7229,15
7230,4
7231,38
7232,27
7233,12
7234,19
7235,12
7236,19
7237,36
7238,21
7239,45
7240,30
7241,48
7241,4
7242,41
7242,49
7243,6
7243,50
7244,41
7245,12
7246,1
7247,8
7248,11
7249,18
7250,33
7251,26
7252,38
7253,26
7254,26
7255,26
7256,45
7257,26
7258,26
7259,14
7260,47
7261,31
7262,23
7263,37
7264,42
7264,49
7265,42
7265,49
7266,1
7267,17
7268,17
7269,49
7269,41
7270,41
7271,12
7272,12
7273,12
7274,1
7275,6
7276,41
7277,12
7278,41
7279,19
7280,19
7281,16
7282,19
7283,19
7284,6
7285,6
7286,14
7287,34
7288,3
7289,34
7290,29
7290,52
7291,52
7291,29
7292,29
7292,52
7293,29
7294,29
7295,30
7296,34
7297,52
7297,29
7298,12
7299,21
7300,29
7301,27
7302,27
7303,41
7304,27
7305,36
7306,34
7307,34
7308,34
7309,34
7310,34
7311,34
7312,34
7313,34
7314,34
7315,34
7316,34
7317,34
7318,6
7319,33
7320,33
7321,11
7322,35
7323,3
7324,36
7325,36
7326,36
7327,36
7328,36
7329,36
7330,36
7331,8
7332,8
7333,8
7334,8
7335,8
7336,21
7337,18
7338,18
7339,18
7340,37
7341,8
7342,8
7343,8
7344,8
7345,32
7346,33
7347,27
7348,33
7349,33
7350,33
7351,1
7352,1
7353,1
7354,33
7355,1
7356,1
7357,33
7358,1
7359,1
7360,1
7361,1
7362,0
7363,26
7364,33
7365,29
7365,51
7366,16
7367,3
7368,28
7369,1
7370,3
7371,7
7372,1
7373,7
7374,7
7375,7
7376,7
7377,7
7378,1
7379,1
7380,10
7381,23
7382,9
7383,19
7384,7
7385,33
7386,23
7387,11
7388,0
7389,28
7390,0
7391,0
7392,3
7393,29
7394,29
7395,3
7396,0
7397,29
7398,0
7399,29
7400,29
7401,29
7402,33
7403,1
7404,32
7405,32
7406,4
7407,32
7408,32
7409,32
7410,27
7411,16
7412,8
7413,0
7414,8
7415,7
7416,6
7417,32
7418,8
7419,8
7420,8
7421,26
7422,32
7423,8
7424,32
7425,1
7426,6
7427,32
7428,32
7429,1
7430,32
7431,23
7432,6
7433,6
7434,32
7435,32
7436,6
7437,32
7438,32
7439,32
7440,41
7441,19
7442,19
7443,19
7444,33
7445,0
7446,18
7447,6
7448,43
7449,26
7450,26
7451,26
7452,6
7453,26
7454,26
7455,16
7456,26
7457,26
7458,26
7459,0
7460,6
7461,19
7462,26
7463,33
7464,6
7465,26
7466,6
7467,1
7468,6
7469,6
7470,18
7471,6
7472,29
7473,6
7474,6
7475,0
7476,8
7477,8
7478,8
7479,6
7480,32
7481,17
7482,23
7483,1
7484,17
7485,32
7486,0
7487,6
7488,1
7489,23
7490,15
7491,1
7492,0
7493,18
7494,8
7495,8
7496,33
7497,19
7498,19
7499,1
7500,27
7501,33
7502,32
7503,16
7504,3
7505,1
7506,6
7507,24
7508,40
7509,32
7510,3
7511,23
7512,32
7513,12
7514,32
7515,3
7516,32
7517,3
7518,19
7519,2
7520,0
7521,33
7522,32
7523,3
7524,6
7525,0
7526,0
7527,6
7528,26
7529,51
7529,24
7530,18
7531,18
7532,33
7533,6
7534,6
7535,38
7536,16
7537,19
7538,0
7539,28
7539,49
7540,52
7540,0
7541,0
7542,0
7543,31
7544,8
7545,1
7546,1
7547,1
7548,1
7549,1
7550,23
7551,23
7552,23
7553,1
7554,32
7555,33
7556,1
7557,8
7558,1
7559,1
7560,1
7561,26
7562,36
7563,26
7564,19
7565,36
7566,1
7567,1
7568,11
7569,11
7570,3
7571,1
7572,11
7573,11
7574,1
7575,32
7576,23
7577,23
7578,23
7579,23
7580,18
7581,6
7582,6
7583,3
7584,1
7585,36
7586,36
7587,11
7588,36
7589,0
7590,23
7591,32
7592,8
7593,36
7594,11
7595,18
7596,17
7597,27
7598,33
7599,32
7600,33
7601,11
7602,4
7603,0
7604,42
7605,20
7606,32
7607,2
7608,36
7609,6
7610,8
7611,4
7612,8
7613,6
7614,32
7615,5
7616,11
7617,0
7618,4
7619,8
7620,32
7621,33
7622,4
7623,3
7624,23
7625,32
7626,33
7627,16
7628,6
7629,6
7630,0
7631,19
7632,33
7633,33
7634,23
7635,45
7636,17
7637,16
7638,32
7639,6
7640,1
7641,0
7642,16
7643,28
7644,1
7645,6
7646,6
7647,6
7648,34
7649,6
7650,6
7651,6
7652,0
7653,16
7654,36
7655,0
7656,2
7657,16
7658,16
7659,0
7660,25
7661,1
7662,33
7663,6
7664,33
7665,1
7666,1
7667,1
7668,1
7669,36
7670,36
7671,36
7672,36
7673,3
7674,36
7675,19
7676,6
7677,19
7678,26
7679,36
7680,3
7681,6
7682,8
7683,3
7684,3
7685,19
7686,6
7687,6
7688,37
7689,1
7690,32
7691,1
7692,33
7693,9
7694,3
7695,32
7696,16
7697,26
7698,6
7699,3
7700,3
7701,3
7702,27
7703,17
7704,32
7705,1
7706,1
7707,32
7708,32
7709,32
7710,28
7711,37
7712,3
7713,33
7714,28
7715,32
7716,6
7717,9
7718,0
7719,6
7720,1
7721,19
7722,26
7723,28
7724,28
7725,16
7726,0
7727,1
7728,19
7729,34
7730,3
7731,19
7732,15
7733,1
7734,6
7735,1
7736,0
7737,8
7738,19
7739,6
7740,8
7741,6
7742,36
7743,19
7744,19
7745,19
7746,32
7747,36
7748,32
7749,2
7750,34
7751,1
7752,1
7753,36
7754,34
7755,19
7756,23
7757,18
7758,19
7759,6
7760,17
7761,26
7762,23
7763,3
7764,31
7765,36
7766,1
7767,1
7768,33
7769,32
7770,30
7771,3
7772,3
7773,32
7774,1
7775,32
7776,0
7777,7
7778,32
7779,1
7780,32
7781,32
7782,6
7783,1
7784,6
7785,21
7786,3
7787,2
7788,11
7789,0
7790,19
7791,6
7792,6
7793,3
7794,8
7795,6
7796,7
7797,7
7798,6
7799,6
7800,6
7801,6
7802,7
7803,23
7804,23
7805,6
7806,6
7807,6
7808,6
7809,6
7810,36
7811,3
7812,22
7813,19
7814,4
7815,19
7816,1
7817,25
7818,16
7819,23
7820,36
7821,0
7822,23
7823,1
7824,32
7825,6
7826,32
7827,33
7828,33
7829,11
7830,18
7831,12
7832,21
7832,49
7833,28
7834,8
7835,36
7836,3
7837,0
7838,13
7839,42
7840,42
7841,18
7842,23
7843,7
7844,11
7845,12
7846,33
7847,10
7848,30
7849,5
7850,29
7850,51
7851,30
7852,29
7853,29
7854,29
7855,29
7856,29
7857,21
7858,29
7859,29
7860,30
7861,1
7862,19
7863,24
7864,40
7865,40
7866,40
7867,30
7868,44
7869,40
7869,6
7870,30
7871,40
7872,1
7873,6
7874,7
7875,8
7876,29
7877,9
7878,27
7879,6
7880,27
7881,3
7882,9
7883,7
7884,26
7885,6
7886,1
7887,1
7888,1
7889,1
7890,12
7891,12
7892,29
7893,21
7894,34
7895,29
7896,3
7897,26
7898,26
7899,16
7900,0
7901,8
7902,26
7903,19
7904,0
7905,36
7906,12
7907,0
7908,6
7909,2
7910,14
7911,42
7912,11
7913,32
7914,18
7915,1
7916,21
7917,6
7918,26
7919,7
7920,32
7921,7
7922,34
7923,49
7923,41
7924,48
7924,0
7925,15
7926,27
7927,28
7928,39
7929,7
7930,3
7931,30
7932,0
7933,0
7934,18
7935,21
7936,33
7937,17
7938,34
7939,36
7940,29
7941,0
7942,3
7943,51
7943,6
7944,52
7944,6
7945,51
7945,6
7946,6
7946,51
7947,25
7948,30
7949,34
7950,34
7951,34
7952,34
7953,34
7954,1
7955,1
7956,8
7957,19
7958,32
7959,8
7960,26
7961,4
7962,29
7963,15
7964,16
7965,19
7966,36
7967,26
7968,26
7969,26
7970,26
7971,26
7972,26
7973,0
7974,12
7975,26
7976,26
7977,26
7978,26
7979,29
7980,36
7981,26
7982,13
7983,2
7984,2
7985,2
7986,30
7987,30
7988,18
7989,30
7990,30
7990,52
7991,30
7992,30
7993,18
7994,18
7995,18
7996,12
7997,12
7998,26
7999,18
8000,9
8001,34
8002,6
8003,11
8004,11
8005,31
8006,34
8007,28
8008,28
8009,21
8009,49
8010,0
8011,37
8012,42
8013,38
8014,38
8015,38
8016,38
8017,34
8018,31
8019,3
8020,23
8021,15
8022,2
8023,31
8024,18
8025,23
8026,34
8027,0
8028,3
8029,32
8030,1
8031,1
8032,33
8033,0
8034,1
8035,19
8036,19
8037,19
8038,19
8039,19
8040,48
8040,6
8041,4
8042,25
8043,28
8044,23
8045,25
8046,37
8047,27
8048,26
8049,38
8050,43
8051,32
8052,36
8053,37
8054,32
8055,7
8056,28
8057,41
8058,41
8059,41
8060,18
8061,41
8062,36
8063,28
8064,1
8065,31
8066,20
8067,9
8068,18
8069,38
8070,3
8071,7
8072,7
8073,7
8074,6
8075,7
8076,7
8077,6
8078,21
8079,21
8080,19
8081,1
8082,16
8083,6
8084,1
8085,0
8086,0
8087,32
8088,16
8089,20
8090,40
8091,28
8092,19
8093,36
8094,28
8095,34
8096,35
8097,27
8098,27
8099,23
8100,5
8101,18
8102,36
8103,37
8104,35
8105,51
8105,29
8106,29
8107,3
8108,0
8109,0
8110,2
8111,0
8112,17
8113,0
8114,0
8115,0
8116,11
8117,8
8118,3
8119,8
8120,33
8121,16
8122,9
8123,16
8124,37
8125,36
8126,18
8126,49
8127,27
8128,3
8129,30
8129,52
8130,29
8131,30
8132,3
8133,3
8134,8
8135,19
8136,10
8137,15
8138,3
8139,32
8140,6
8140,51
8141,34
8142,50
8142,30
8143,35
8144,35
8145,12
8146,34
8147,34
8148,21
8149,35
8150,23
8151,23
8152,3
8153,29
8154,35
8155,3
8156,28
8157,18
8158,18
8159,41
8160,31
8161,28
8162,34
8163,23
8164,28
8165,28
8166,26
8167,23
8168,0
8169,3
8170,36
8171,12
8172,0
8173,0
8174,23
8175,3
8176,0
8177,0
8178,34
8179,28
8180,4
8181,11
8182,26
8183,19
8184,18
8185,45
8186,18
8187,15
8188,1
8189,30
8190,1
8191,1
8192,1
8193,1
8194,1
8195,0
8196,49
8196,18
8197,10
8198,1
8199,20
8200,28
8201,49
8201,28
8202,28
8203,28
8204,28
8205,28
8206,28
8207,28
8208,28
8209,26
8210,38
8211,21
8212,1
8213,26
8214,3
8215,6
8216,37
8217,19
8218,23
8219,28
8220,28
8221,28
8222,16
8223,28
8224,28
8225,28
8226,50
8226,29
8227,50
8227,29
8228,29
8228,51
8229,3
8230,20
8231,20
8232,3
8233,11
8234,19
8235,19
8236,19
8237,19
8238,19
8239,19
8240,19
8241,19
8242,2
8243,3
8244,26
8245,3
8246,19
8247,18
8248,45
8249,45
8250,7
8251,2
8252,16
8253,30
8254,30
8255,36
8256,36
8257,26
8258,26
8259,26
8260,36
8261,36
8262,16
8263,23
8264,23
8265,34
8266,34
8267,43
8268,9
8269,24
8269,6
8270,6
8270,24
8271,39
8272,52
8272,24
8273,48
8273,39
8274,39
8274,6
8275,24
8275,51
8276,39
8277,39
8278,8
8279,39
8280,43
8281,39
8282,39
8283,39
8284,6
8284,24
8285,6
8286,6
8287,0
8288,16
8289,16
8290,16
8291,5
8292,39
8293,3
8294,19
8295,13
8296,19
8297,16
8298,16
8299,18
8300,27
8301,27
8302,32
8303,32
8304,16
8305,4
8306,21
8307,11
8308,33
8309,1
8310,0
8311,16
8312,16
8313,19
8314,32
8315,6
8316,19
8317,43
8318,33
8319,43
8320,43
8321,43
8322,43
8323,33
8324,32
8325,23
8326,33
8327,9
8328,21
8329,1
8330,1
8331,19
8332,27
8333,28
8334,32
8335,3
8336,32
8337,9
8338,9
8339,0
8340,32
8341,27
8342,32
8343,33
8344,32
8345,32
8346,28
8347,32
8348,28
8349,27
8350,8
8351,26
8352,20
8353,3
8354,3
8355,6
8356,6
8357,6
8358,27
8359,27
8360,6
8361,6
8362,40
8363,27
8364,6
8365,9
8366,11
8367,28
8368,35
8369,7
8370,23
8371,23
8372,23
8373,23
8374,23
8375,1
8376,6
8377,28
8378,32
8379,1
8380,1
8381,1
8382,19
8383,8
8384,32
8385,8
8386,32
8387,1
8388,9
8389,8
8390,8
8391,6
8392,32
8393,2
8394,1
8395,2
8396,3
8397,34
8398,16
8399,37
8400,6
8401,4
8402,4
8403,4
8404,6
8405,8
8406,4
8407,1
8408,41
8409,1
8410,6
8411,0
8412,1
8413,9
8414,0
8415,0
8416,0
8417,41
8418,33
8419,6
8420,1
8421,18
8422,1
8423,4
8424,4
8425,32
8426,2
8427,7
8428,3
8429,40
8430,20
8431,1
8432,1
8433,1
8434,8
8435,28
8436,34
8437,27
8438,29
8439,3
8440,32
8441,26
8442,36
8443,36
8444,32
8445,0
8446,3
8447,26
8448,25
8449,1
8450,2
8451,19
8452,35
8453,37
8454,37
8455,37
8456,37
8457,37
8458,37
8459,37
8460,37
8461,37
8462,37
8463,37
8464,37
8465,37
8466,37
8467,37
8468,37
8469,37
8470,37
8471,37
8472,37
8473,37
8474,37
8475,3
8476,19
8477,32
8478,8
8479,33
8480,33
8481,32
8482,33
8483,19
8484,41
8485,41
8486,3
8487,1
8488,19
8489,28
8490,6
8491,36
8492,36
8493,1
8494,33
8495,17
8496,11
8497,7
8498,19
8499,18
8500,31
8501,38
8502,21
8503,21
8504,12
8505,12
8506,27
8507,9
8508,1
8509,34
8510,36
8511,19
8512,23
8513,1
8514,23
8515,11
8516,1
8517,23
8518,9
8519,23
8520,32
8521,19
8522,34
8523,34
8524,6
8525,0
8526,25
8527,2
8528,3
8529,3
8530,34
8531,4
8532,3
8533,6
8534,16
8535,19
8536,1
8537,1
8538,0
8539,8
8540,32
8541,11
8542,28
8543,29
8544,29
8545,0
8546,11
8547,11
8548,0
8549,38
8550,42
8551,11
8552,32
8553,38
8554,33
8555,35
8556,32
8557,42
8558,42
8559,42
8560,42
8561,32
8562,8
8563,0
8564,2
8565,23
8566,3
8567,3
8568,32
8569,32
8570,16
8571,19
8572,19
8573,33
8574,19
8575,36
8576,32
8577,27
8578,20
8579,17
8580,19
8581,27
8582,8
8583,19
8584,35
8585,2
8586,6
8587,28
8588,28
8589,20
8590,36
8591,2
8592,2
8593,2
8594,4
8595,1
8596,33
8597,4
8598,28
8599,0
8600,0
8601,0
8602,0
8603,16
8604,28
8605,1
8606,17
8607,26
8608,26
8609,17
8610,27
8611,4
8612,2
8613,27
8614,6
8615,34
8616,28
8617,0
8618,20
8619,0
8620,3
8621,1
8622,1
8623,30
8624,43
8625,36
8626,0
8627,18
8628,32
8629,18
8630,0
8631,0
8632,8
8633,0
8634,0
8635,0
8636,0
8637,0
8638,0
8639,18
8639,49
8640,0
8641,17
8642,26
8643,21
8644,0
8645,1
8646,12
8647,0
8648,12
8649,0
8650,36
8651,32
8652,6
8653,16
8654,8
8655,8
8656,16
8657,6
8658,7
8659,33
8660,0
8661,8
8662,8
8663,28
8664,26
8665,19
8666,33
8667,7
8668,6
8669,3
8670,4
8671,32
8672,6
8673,1
8674,38
8675,3
8676,6
8677,3
8678,7
8679,0
8680,3
8681,26
8682,28
8683,27
8684,6
8685,34
8686,31
8687,31
8688,31
8689,19
8690,19
8691,8
8692,8
8693,28
8694,16
8695,16
8696,0
8697,20
8698,28
8699,33
8700,33
8701,6
8702,32
8703,0
8704,27
8705,8
8706,19
8707,33
8708,36
8709,2
8710,44
8711,34
8712,16
8713,16
8714,28
8715,20
8716,23
8717,2
8718,26
8719,18
8720,3
8721,1
8722,21
8723,23
8724,3
8725,34
8726,11
8727,11
8728,7
8729,7
8730,34
8731,19
8732,6
8733,19
8734,23
8735,19
8736,6
8737,28
8738,7
8739,8
8740,11
8741,0
8742,0
8743,37
8744,6
8745,1
8746,23
8747,23
8748,23
8749,21
8750,0
8751,3
8752,4
8753,32
8754,7
8755,7
8756,4
8757,1
8758,1
8759,21
8760,23
8761,21
8762,29
8763,13
8764,18
8765,29
8766,21
8767,21
8768,21
8769,21
8770,12
8771,28
8772,31
8773,29
8774,6
8774,51
8775,27
8776,37
8777,37
8778,45
8779,32
8780,47
8781,33
8782,1
8783,1
8784,45
8785,32
8786,1
8787,1
8788,1
8789,17
8790,17
8791,33
8792,34
8793,2
8794,34
8795,1
8796,28
8797,16
8798,45
8799,35
8800,36
8801,32
8802,27
8803,7
8804,8
8805,6
8806,38
8807,47
8808,22
8809,3
8810,3
8811,2
8812,47
8813,20
8814,45
8814,49
8815,28
8816,9
8817,10
8818,18
8819,23
8820,26
8821,19
8822,12
8823,18
8824,18
8825,41
8826,41
8827,23
8828,26
8829,27
8829,49
8830,32
8831,16
8832,34
8833,0
8834,6
8835,4
8836,0
8837,14
8838,26
8839,18
8840,26
8841,3
8842,26
8843,15
8844,18
8845,18
8846,3
8847,27
8848,7
8849,6
8850,6
8851,16
8852,18
8853,13
8854,33
8855,5
8856,18
8857,20
8858,39
8859,39
8860,6
8860,24
8861,6
8862,25
8863,0
8864,3
8865,3
8866,28
8867,1
8868,1
8869,16
8870,1
8871,1
8872,1
8873,1
8874,39
8875,1
8876,1
8877,3
8878,19
8879,1
8880,37
8881,23
8882,10
8883,10
8884,10
8885,10
8886,10
8887,1
8888,13
8889,33
8890,1
8891,8
8892,1
8893,26
8894,1
8895,26
8896,26
8897,8
8898,1
8899,1
8900,21
8901,7
8902,11
8903,15
8904,0
8905,24
8906,2
8907,23
8908,7
8909,14
8910,12
8911,0
8912,3
8913,14
8914,0
8915,51
8915,29
8916,18
8917,12
8918,21
8919,21
8920,21
8921,29
8922,30
8923,41
8924,21
8925,45
8926,45
8927,21
8928,30
8929,29
8930,18
8931,13
8932,26
8933,23
8934,1
8935,23
8936,23
8937,23
8938,23
8939,1
8940,1
8941,23
8942,23
8943,8
8944,17
8945,33
8946,4
8947,7
8948,26
8949,26
8950,26
8951,1
8952,1
8953,1
8954,1
8955,1
8956,34
8957,13
8958,27
8959,2
8960,2
8961,19
8962,18
8963,17
8964,31
8965,27
8966,12
8967,12
8968,32
8969,22
8970,11
8971,11
8972,0
8973,7
8974,39
8974,48
8975,33
8976,29
8977,0
8978,8
8979,11
8980,2
8981,18
8982,33
8983,29
8984,23
8985,19
8986,9
8987,32
8988,20
8989,27
8990,36
8991,36
8992,52
8992,43
8993,43
8993,52
8994,33
8995,17
8996,4
8997,4
8998,34
8999,0
9000,3
9001,11
9002,45
9003,2
9004,26
9005,7
9006,7
9007,1
9008,6
9009,28
9010,28
9011,25
9012,8
9013,6
9014,6
9015,49
9015,29
9016,19
9017,24
9017,6
9018,24
9019,11
9020,39
9021,10
9022,19
9023,1
9024,40
9025,0
9026,7
9027,30
9028,32
9029,3
9030,2
9031,33
9032,3
9033,1
9034,1
9035,3
9036,27
9037,28
9038,6
9039,19
9040,7
9041,6
9042,6
9043,7
9044,7
9045,7
9046,3
9047,7
9048,7
9049,0
9050,6
9051,7
9052,7
9053,6
9054,7
9055,7
9056,7
9057,16
9058,16
9059,0
9060,0
9061,23
9062,2
9063,8
9064,16
9065,16
9066,26
9067,27
9068,12
9069,12
9070,27
9071,32
9072,32
9073,27
9074,1
9075,27
9076,9
9077,33
9078,6
9079,34
9080,14
9081,6
9082,1
9083,29
9084,29
9085,18
9086,28
9087,29
9088,0
9089,0
9090,27
9091,0
9092,6
9093,12
9094,15
9095,15
9096,1
9097,18
9098,32
9099,32
9100,22
9101,32
9102,33
9103,1
9104,7
9105,33
9106,7
9107,7
9108,7
9109,33
9110,6
9110,24
9111,34
9112,34
9113,4
9114,32
9115,7
9116,29
9117,45
9118,30
9119,18
9120,13
9121,30
9122,6
9123,0
9124,33
9125,1
9126,1
9127,1
9128,1
9129,1
9130,1
9131,1
9132,1
9133,1
9134,26
9135,0
9135,50
9136,31
9137,31
9138,0
9139,0
9140,4
9141,34
9142,34
9143,34
9144,33
9145,33
9146,40
9147,40
9148,0
9149,1
9150,33
9151,33
9152,33
9153,33
9154,34
9155,34
9156,8
9157,33
9158,8
9159,26
9160,32
9161,1
9162,6
9163,33
9164,33
9165,1
9166,33
9167,31
9168,8
9169,1
9170,26
9171,28
9172,4
9173,45
9174,19
9175,0
9176,1
9177,22
9178,6
9179,32
9180,1
9181,6
9182,6
9183,6
9184,1
9185,8
9186,3
9187,1
9188,23
9189,1
9190,28
9191,36
9192,36
9193,36
9194,36
9195,36
9196,36
9197,33
9198,26
9199,36
9200,36
9201,16
9202,7
9203,1
9204,4
9205,21
9206,1
9207,6
9208,37
9209,1
9210,32
9211,0
9212,26
9213,34
9214,8
9215,7
9216,32
9217,1
9218,36
9219,32
9220,21
9221,1
9222,3
9223,1
9224,23
9225,4
9226,32
9227,3
9228,4
9229,19
9230,6
9231,7
9232,32
9233,16
9234,4
9235,16
9236,0
9237,6
9238,1
9239,1
9240,8
9241,16
9242,15
9243,33
9244,1
9245,4
9246,1
9247,1
9248,0
9249,6
9250,8
9251,3
9252,6
9253,0
9254,6
9255,20
9256,6
9257,6
9258,6
9259,6
9260,47
9261,8
9262,32
9263,8
9264,8
9265,0
9266,0
9267,1
9268,3
9269,27
9270,33
9271,8
9272,1
9273,9
9274,3
9275,8
9276,33
9277,1
9278,33
9279,34
9280,34
9281,23
9282,33
9283,26
9284,11
9285,6
9286,26
9287,28
9288,28
9289,16
9290,1
9291,16
9292,16
9293,13
9294,34
9295,12
9296,12
9297,18
9298,12
9299,12
9300,29
9301,15
9302,1
9303,32
9304,1
9305,6
9306,24
9307,33
9308,36
9309,28
9310,26
9311,6
9312,33
9313,23
9314,1
9315,33
9316,28
9317,1
9318,22
9319,6
9320,23
9321,6
9322,7
9323,6
9324,6
9325,6
9326,6
9327,32
9328,16
9329,6
9330,6
9331,1
9332,1
9333,6
9334,6
9335,6
9336,6
9337,33
9338,6
9339,6
9340,6
9341,6
9342,6
9343,6
9344,16
9345,16
9346,26
9347,32
9348,26
9349,25
9350,19
9351,25
9352,0
9353,0
9354,31
9355,0
9356,33
9357,28
9358,16
9359,33
9360,1
9361,1
9362,12
9363,0
9364,0
9365,0
9366,0
9367,18
9368,0
9369,18
9370,8
9371,6
9372,4
9373,0
9374,1
9375,42
9376,23
9377,23
9378,23
9379,23
9380,9
9381,20
9382,16
9383,3
9384,23
9385,23
9386,0
9387,14
9388,14
9389,9
9390,0
9391,0
9392,11
9393,4
9394,11
9395,23
9396,6
9397,11
9398,3
9399,21
9400,23
9401,23
9402,10
9403,34
9404,23
9405,19
9406,6
9406,24
9407,17
9408,6
9409,16
9410,33
9411,34
9412,35
9413,34
9414,1
9415,18
9416,0
9417,26
9418,26
9419,23
9420,36
9421,1
9422,1
9423,1
9424,12
9425,12
9426,12
9427,1
9428,17
9429,0
9430,13
9431,8
9432,8
9433,26
9434,26
9435,32
9436,36
9437,16
9438,32
9439,6
9440,36
9441,5
9442,22
9443,34
9444,38
9445,30
9446,42
9447,42
9448,29
9449,1
9450,41
9451,1
9452,21
9453,18
9454,18
9455,21
9456,17
9457,41
9458,42
9459,13
9460,38
9461,18
9462,11
9463,7
9464,29
9465,42
9466,38
9467,28
9468,28
9469,18
9470,28
9471,41
9472,41
9473,11
9474,23
9475,23
9476,1
9477,32
9478,32
9479,16
9480,16
9481,4
9482,19
9483,33
9484,33
9485,8
9486,1
9487,1
9488,1
9489,1
9490,1
9491,1
9492,1
9493,1
9494,1
9495,1
9496,1
9497,1
9498,0
9499,1
9500,0
9501,10
9502,32
9503,3
9504,6
9505,7
9506,16
9507,1
9508,1
9509,36
9510,26
9511,6
9512,16
9513,0
9514,6
9515,16
9516,24
9516,6
9517,6
9518,1
9519,4
9520,36
9521,29
9522,29
9523,11
9524,30
9525,19
9526,25
9527,26
9528,3
9529,1
9530,32
9531,1
9532,34
9533,3
9534,1
9535,4
9536,0
9537,33
9538,11
9539,7
9540,4
9541,19
9542,34
9543,20
9544,0
9545,31
9546,6
9547,26
9548,0
9549,34
9550,9
9551,20
9552,0
9553,26
9554,31
9555,36
9556,28
9557,28
9558,36
9559,33
9560,13
9561,36
9562,3
9563,36
9564,36
9565,10
9566,10
9567,7
9568,6
9569,20
9570,26
9571,13
9572,26
9573,26
9574,36
9575,41
9576,23
9577,4
9578,34
9579,32
9580,26
9581,11
9582,12
9583,43
9584,43
9585,26
9586,1
9587,1
9588,8
9589,29
9590,28
9591,20
9592,23
9593,12
9594,0
9595,0
9596,0
9597,0
9598,14
9599,28
9600,23
9601,28
9602,1
9603,1
9604,14
9605,6
9606,36
9607,36
9608,36
9609,36
9610,36
9611,8
9612,31
9613,27
9614,33
9615,31
9616,1
9617,0
9618,27
9619,34
9620,32
9621,18
9622,21
9623,36
9624,8
9625,29
9626,30
9627,1
9628,23
9629,26
9630,32
9631,5
9632,16
9633,16
9634,18
9635,8
9636,19
9637,43
9638,26
9639,7
9640,26
9641,3
9642,11
9643,32
9644,6
9645,3
9646,6
9647,30
9648,7
9649,8
9650,6
9651,36
9652,28
9653,16
9654,8
9655,1
9656,5
9657,2
9658,28
